,MJD,COM Flux,Residual Flux
0,59106.16176227147,473.8697729773317,57.92010113625361
1,59106.16870670963,464.5460601080185,49.01202128233268
2,59089.772656290574,447.2816714875796,24.871067559729056
3,59106.19648446178,446.9694134270344,33.21261497086334
4,59092.182432542446,446.9157191023333,25.566912527713555
5,59106.02287348972,446.6160545144105,24.991691837346934
6,59105.98120684867,445.0111524939885,22.731329439630258
7,59089.800434754725,445.00116596532735,22.586273161271663
8,59089.77960090661,444.91113797639537,22.478324736173704
9,59106.03676236929,444.61388361524286,23.31890024478861
10,59092.19632171352,444.1245138911771,23.151503603479455
11,59105.96037352722,444.0544340325383,21.635881542065306
12,59105.97426240866,443.9067993436555,21.56667115748246
13,59092.210210884594,443.6417352692034,23.09879140148712
14,59089.724043974114,443.6321272888801,21.770217609230656
15,59105.98815128916,443.5803339455034,21.374850970434863
16,59089.869880908125,443.4061050510117,21.962811458846375
17,59105.995095729646,443.28455704602777,21.167422541641088
18,59092.18937712775,443.1412803758685,21.973552789834287
19,59106.02981792974,443.1407746208194,21.67422937509781
20,59106.05065124887,443.0182909068133,22.10741466560023
21,59089.79349013916,442.7839581446575,20.349000084151328
22,59089.76571167407,442.58362270695983,20.20931046252906
23,59106.015929049696,442.45343481512754,20.685055532321712
24,59105.946484645785,442.0621819274695,19.62153808664931
25,59089.87682552276,441.7449957903628,20.475192923812926
26,59089.92543782293,441.5066490065368,21.830094900658082
27,59089.85599167838,441.4950129270999,19.746005464244774
28,59089.83515783259,441.4824743538471,19.378846988573457
29,59089.82821321748,441.4159151732272,19.221975276864555
30,59089.74487782456,441.2569733959526,19.075875667278524
31,59089.71709935668,441.007202527356,19.279517289166336
32,59089.88377013741,440.9436179577487,19.86098068936684
33,59106.00898460968,440.692699339822,18.79415571673752
34,59106.252039962375,440.6813170106032,30.995160523924028
35,59089.89071475159,440.59167607983073,19.70981241297278
36,59092.2171554699,440.5762693421881,20.268520977959383
37,59105.95342908674,440.389582852086,17.952939207864006
38,59089.807379370766,440.37303859656754,17.99229494992744
39,59105.9256513234,440.1878927349227,17.819783176082865
40,59089.89765936622,440.1580513256804,19.49049757393459
41,59089.9046039804,440.14838948499096,19.70860538373273
42,59106.04370680931,440.043612003424,18.933873697911963
43,59112.925613250656,440.0427356601088,17.989001980554463
44,59108.30759003659,439.96041461037817,17.89743401298614
45,59105.96731796817,439.95812085957385,17.571744020669485
46,59089.814323986335,439.85837997672536,17.525857185847713
47,59110.63396543494,439.6186321462551,17.862808047963995
48,59089.97405011796,439.4659904406613,22.023950383665806
49,59089.75182244106,439.4266440768124,17.167105430445417
50,59106.24509552516,439.3869357493288,29.156585309034085
51,59089.84904706327,438.8582792026028,16.97715779682278
52,59092.2241000552,438.7965130298056,18.737291284976152
53,59110.36313402555,438.6834487826887,22.07023849417118
54,59089.70321012227,438.5578574387135,17.140083496274656
55,59089.98099473074,438.456760850384,21.3841431761208
56,59089.842102448165,438.320769183048,16.321427069378842
57,59092.20326629929,438.2434963484906,17.478772105002292
58,59089.75876705803,438.1859113053532,15.861960147085654
59,59110.37702281758,438.1725790824858,20.803503951558298
60,59110.62702104102,437.95851256396736,16.071260206781176
61,59110.62007664664,437.853432971469,15.84864688758745
62,59106.00204016966,437.74753926244455,15.732730056251512
63,59110.51591072855,437.6849576931704,15.60115039595911
64,59089.78654552312,437.62098115066334,15.180048899139592
65,59110.4811887529,437.5384810820369,16.12889666084834
66,59089.91849320875,437.3910707314609,17.44687496420039
67,59089.82126860191,437.3849761768299,15.11472871766847
68,59110.44646677586,437.2207513765007,16.828243195813684
69,59089.93238243664,437.1404851722284,17.74467847527859
70,59089.862936293015,436.92292401804514,15.319876531946647
71,59110.5784102808,436.9179284962755,14.501727173471352
72,59106.31453989461,436.8365568638047,32.45288336564437
73,59110.56452149203,436.3662444598399,13.92538137282196
74,59089.994883956766,436.334392793164,20.037010540978883
75,59110.3700784218,436.2337086945693,19.236491995697293
76,59106.2589843996,436.2146761486116,27.082250360472813
77,59089.71015473971,436.2028066768322,14.623184307048689
78,59089.91154859458,436.1486920809384,15.950056020402826
79,59110.43952238008,436.04924641806014,15.900550291515174
80,59110.61313225272,435.9667489431563,13.8583656607006
81,59089.6893208874,435.905421152593,14.852464563311571
82,59090.00182857001,435.81851767467856,19.92667155148115
83,59108.28675679104,435.6373711894608,13.328437857627875
84,59106.3214843309,435.6288745761833,31.875477347579874
85,59090.0296070202,435.5580216219776,21.40434739976064
86,59092.23104464051,435.4753262790933,15.677873498545523
87,59089.95321627777,435.447732463014,16.97177657386561
88,59089.73793320805,435.37745277647423,13.28879635680238
89,59106.15481783331,435.217687267363,18.864156351050326
90,59106.27287327405,435.0951577468402,27.098009128738113
91,59089.73098859109,435.0612060843183,13.078958352319717
92,59090.02266240788,435.0277809630465,20.422466014763415
93,59110.59229906957,434.9838845663234,12.648673851128933
94,59106.26592883683,434.8857027641846,26.316346637115828
95,59089.67543165207,434.6887141358121,14.054959762508872
96,59110.640909828864,434.6016073023064,12.991059059841461
97,59110.47424435759,434.5272894592661,13.293938806772701
98,59110.703409372734,434.4430465480016,14.7529452876189
99,59089.98793934399,434.3382347524296,17.64721513295791
100,59089.946271664056,434.3346831388579,15.539282781835766
101,59106.30759545785,434.2631331271459,29.256826129606793
103,59105.897873558206,433.99707557513096,11.92246332953522
104,59105.91870688199,433.9847626539205,11.668980697956727
105,59110.55757709719,433.90786051743294,11.47580402084111
106,59089.93932705035,433.9022133010562,14.80015949624027
107,59110.35618962931,433.8671362279063,17.649943147235263
108,59089.66848703416,433.8045874962832,13.40064441496014
109,59110.606187858335,433.7444430537816,11.546436089068095
110,59090.050440857136,433.7245805506068,20.9919614227976
111,59110.39091160961,433.5979123389184,15.522091064275742
112,59110.52979951825,433.5793080518964,11.323262326371832
113,59106.3284287672,433.497308190865,30.381604919012318
114,59090.015717795104,433.48975666498137,18.444095293665214
115,59110.38396721383,433.3225260575573,15.59387324080194
116,59090.00877318279,433.2823395721327,17.807783427972083
117,59105.93259576435,433.2763063011477,10.869935623236358
118,59090.05738546898,433.256289709684,21.018835883657232
119,59110.59924346396,433.213331959978,10.93970684817657
121,59112.918668866514,433.0008973398936,10.849931055407296
122,59110.49507754307,432.8040557286775,11.083233627185734
123,59110.45341117118,432.7815054902836,12.158545933324433
124,59110.58535467518,432.7136453633445,10.330903585611964
125,59089.96710550472,432.6772106090481,14.878055746541179
126,59112.897835714095,432.6694234229912,10.310805399179458
127,59105.90481799962,432.5439984299732,10.374991340623637
128,59105.85620690878,432.5311820609717,11.314605260982034
129,59110.82146405491,432.5148671023945,19.273762545905186
130,59105.82148469844,432.50552623182097,12.379764144332
131,59110.675631798455,432.4212416779973,11.742798539300736
132,59110.6547986167,432.4035001318952,11.124833909634333
133,59090.04349624482,432.3617990681022,19.14464001536834
134,59105.84231802501,432.3180683160688,11.497358799660446
135,59105.849262466894,432.0341610336304,11.008724420686804
136,59106.29370658433,431.9786219386028,25.75086312589741
137,59089.6545977979,431.9206873030448,12.016376767825193
138,59108.33536769701,431.8298847136893,10.290003211468274
139,59110.71035376618,431.7866071412565,12.376598272869444
140,59089.96016089101,431.76343375555,13.619599226935975
141,59108.32842328167,431.56540642154175,9.87396515595566
142,59105.87704023396,431.5652043287077,9.85738673521081
143,59105.9395402053,431.46694540176793,9.036393750840034
144,59106.342317639785,431.40500856055496,29.5860326155929
145,59108.37008977045,431.2429092369796,10.666130375166176
146,59110.66174301062,431.21462096601897,10.12244236824256
147,59110.75896451896,431.1313613447577,14.040088634001847
148,59108.31453445192,431.1216694532641,9.16863193046953
149,59110.571465886416,431.1085612620197,8.672983862576302
150,59112.89089132996,431.0876629386184,8.68792543620873
151,59089.69626550484,431.0783716224046,9.836173845126723
152,59105.88398467537,431.01945113799127,9.175474829379766
153,59089.6615424158,430.8564490271235,10.69568285697386
154,59108.34231211188,430.832444166948,9.457892969704574
155,59110.5367439131,430.7270971631959,8.405957493873132
156,59105.863151350655,430.6292448082343,9.235183001615553
157,59110.46729996227,430.5784379063281,9.534982010985743
158,59110.342300836346,430.5246388570976,15.134942583624536
159,59108.27286795989,430.5011038938218,8.09837944547985
160,59110.72424255309,430.3525972944218,11.541697714380177
161,59105.91176244104,430.3060402612426,8.05663369465077
162,59110.43257798477,430.30430255316713,10.412692042571337
163,59089.647653179534,430.2358277198157,10.601159973610606
165,59105.87009579208,430.16738768967656,8.609559460902858
166,59090.03655163251,430.1602455875751,16.469345097363544
167,59106.33537320349,430.15385017601255,27.683030777572128
168,59108.3214788668,430.0657745622364,8.236598228039895
169,59110.42563358898,430.05274891693057,10.43140579500124
170,59110.55063270233,429.9728190805964,7.563658307834771
171,59110.40480040164,429.8692683784896,11.136829295942619
172,59105.83537358267,429.8605495174978,9.258080897515299
173,59089.68237626951,429.83643768503725,8.986319723818951
174,59110.69646497928,429.7186646203271,9.761580740999591
175,59110.34924523306,429.6033599004294,13.79405337735875
176,59113.0922784756,429.5821192816865,13.895107536950604
177,59110.39785600585,429.5425542305432,11.132097678490766
178,59110.71729815964,429.3949432390744,10.278036493156947
179,59110.68952058582,429.326244997079,9.11538363027978
180,59108.25897912875,429.308155392861,6.867949762460455
181,59108.279812375695,429.28726574434353,6.924404604542815
182,59105.82842914078,429.204677558075,8.833885654083247
183,59110.82840844744,429.195403098978,16.43828712272125
184,59105.89092911679,429.0847229019754,7.118467150910362
186,59113.09922286067,429.08036875278464,13.81638885195207
187,59110.543688307946,429.0759533018225,6.703769205547474
188,59110.64785422278,429.0678128999564,7.6163362214863355
189,59105.800651370926,429.0411159562037,9.729662999953518
190,59110.2589680758,428.7753929526559,19.27688781725533
191,59110.48813314822,428.6014197590965,7.029325503339351
192,59092.23798922582,428.5782400212469,9.055705047695596
193,59110.3353564401,428.5343516433981,13.575839381347578
194,59110.46035556695,428.49945454190913,7.659486567318993
195,59108.30064562171,428.4156131460958,6.256646871174382
196,59110.14091331725,428.3066721628316,29.39207526467044
197,59108.35620094116,428.2133265000744,7.210506446564409
198,59106.3631509482,427.80811165182655,27.984083321869548
199,59108.25203471341,427.7405639465335,5.30275382808054
200,59090.08516391591,427.7196247391988,17.56549315769263
201,59108.39786742807,427.7106106612936,8.146333041579908
202,59108.41175625642,427.6584868150898,8.679222803119785
203,59106.39787312734,427.62171422247184,31.239608325866016
204,59108.29370120637,427.533413587139,5.292453302912008
205,59110.807575269406,427.5180108511342,13.341517182287589
207,59105.80759581374,427.3321759724531,7.73617795946177
208,59108.43953391219,427.3154368241904,9.659548492226861
209,59108.42564508431,427.3018531179652,8.959021927157039
210,59108.5784221752,427.2537320639602,18.99568194779141
211,59089.61293008677,427.1601062795882,9.067925636150846
212,59112.800614338,427.01815909955263,5.363406296487142
213,59089.59904084911,426.8791889054676,9.492585602547933
214,59090.06433008083,426.8743726879471,15.142532701741288
215,59090.07127469267,426.8696747483543,15.653716536541879
216,59106.27981771081,426.80435092641113,19.388343245330248
217,59106.28676214757,426.7468730642648,19.920732213008705
218,59106.23815108793,426.6106295952064,15.845816318100105
219,59110.77979769839,426.5618567925092,10.649531012165767
220,59110.5228551234,426.5332881328156,4.356362617729644
221,59110.23813488426,426.4743788323054,18.674281285632844
223,59110.16869090922,426.329437272097,24.734111437649005
224,59110.80063087688,426.1808055353388,11.553245460427547
225,59110.265912472976,426.159448665732,16.11348055427743
226,59110.41174479742,425.9993875079616,6.957733625102378
228,59110.328412043855,425.9632889708112,11.447380500192878
229,59089.6198747056,425.861962792824,7.435741357114068
230,59106.23120665024,425.69429107128286,14.404936940884511
231,59105.81454025609,425.6002249504975,5.732758246027288
232,59106.30065102109,425.59861872266816,19.977543425335057
233,59089.640708561165,425.5907636128031,6.238829476313072
234,59108.26592354455,425.5891529546739,3.1606439407516405
235,59105.79370692858,425.5773533251667,6.563420118371766
236,59110.24507928144,425.55325243937983,17.177883164470302
237,59089.6337639428,425.4504816212762,6.39427092397716
238,59108.4742559805,425.3395770759561,9.615413358200499
239,59106.41870643343,425.2341773541364,30.976614866681018
240,59090.07821930452,425.212246767117,14.522253993134484
241,59110.50202193838,425.1981465678129,3.3424317107503043
242,59106.37009538402,425.1755128760802,26.028814419888533
243,59110.745075732986,425.1265688700842,7.310005228077046
244,59089.59209622981,424.855240168633,7.8399214087989435
245,59110.14785771536,424.8345229741464,25.24060594513861
246,59110.81451966239,424.80347228072577,11.089185501412317
247,59089.58515161051,424.7191258342339,8.087246817984521
248,59110.27285686968,424.5155450712073,13.93177917021552
249,59108.21036821765,424.5056379455614,2.3777355586693147
250,59108.21731263392,424.4626814943701,2.248024828295513
251,59110.66868740454,424.4443857153983,3.5523053021015016
252,59110.75202012597,424.3064847413736,6.846409932654694
253,59108.34925652629,424.3045458498181,3.109036444165156
254,59108.36314535557,424.2571677543025,3.4606157641971436
255,59106.42565086879,424.15317361960206,30.61218305934392
256,59089.57126237192,424.1487553632056,8.319669287040028
257,59110.23119048709,424.1466117159584,16.93064887881684
258,59106.34926207607,424.0937682908596,22.933362553042116
259,59112.87700256168,424.05778478938174,1.6180506277859763
260,59090.09210852775,423.9944612548285,14.385895282846889
261,59106.39092869151,423.9851337245898,26.904080603868863
262,59110.22424608991,423.9007661830897,17.277592400629544
263,59110.50896633323,423.8985047132649,1.9217803892764778
264,59110.30063445747,423.8174260973226,11.182908986477855
265,59110.32146764714,423.805327171821,9.743284218400959
266,59106.377039819854,423.7189282519552,25.25533194472615
267,59106.38398425568,423.5752957992229,25.800329924759467
268,59110.849241625,423.5161851071693,12.274125395673252
269,59106.35620651237,423.4266273196352,22.93128331864159
270,59110.13396891914,423.3307844591504,25.101197002528295
271,59108.19647938511,423.2660542134708,1.3535661558863126
272,59110.25202367862,423.2618051454631,14.320232595965024
273,59110.30757885372,423.2117241312753,10.090544900570876
274,59108.54370011201,423.1612993843481,12.15711304710129
276,59110.73118694654,423.1581990235248,4.666102353083318
277,59089.60598546793,423.1168627437575,5.371262744502701
278,59106.41176199806,423.1167044287236,28.146595992017353
279,59110.73813133953,423.0300971442964,4.869485237631011
280,59108.51592246043,423.0137490306132,9.991556117806283
281,59110.4186891932,422.8474405414888,3.509450031043059
282,59110.7728533054,422.7753755521277,6.458115596981884
283,59112.87005817801,422.76627943425433,0.3276823771944919
284,59090.105997750514,422.766110519715,14.277005947291514
285,59092.04354081213,422.4967777121394,0.45380699987288153
286,59106.4048175627,422.2556056464846,26.57723174880647
287,59108.2381458818,422.1684738099452,-0.2222773535652891
288,59108.50897804696,422.14789845382086,8.647583222358207
290,59108.46036715355,422.0966852806894,5.56375144253559
291,59110.21730169226,422.0879591778042,16.066017107181437
292,59089.57820699121,421.872658119181,5.636237082789762
293,59110.68257619191,421.8086440454824,1.357300950339095
295,59106.49509521729,421.51675452820456,35.30601055707615
296,59108.14786846936,421.5109783774072,0.7876313277396889
297,59108.224257049726,421.5065120932995,-0.7808872774093629
300,59108.12703521869,421.33500863520607,1.3248136238700567
302,59108.52286687344,421.2869516429273,8.753609249410204
303,59108.418700670365,421.20019612935374,2.5327762416259247
304,59110.7936864839,421.1475993008352,6.080274352754486
305,59110.27980126687,421.1270945796734,10.015388087904967
306,59106.50898408615,421.0513657671202,36.32893774156571
307,59108.106201967545,421.0292235819425,1.851170010037606
308,59108.18259055257,421.0206694796997,-0.6207946438839826
309,59089.62681932443,421.0060732257668,2.258470166545578
310,59110.84229723248,421.0018444949795,9.244429473617686
311,59106.47426191353,420.8780528102491,32.44413554848461
312,59108.43258949825,420.8737792508584,2.868165393797483
313,59091.96020575914,420.8090238886645,1.023211514603645
314,59091.99492869917,420.6679303627983,-0.2963359409063173
315,59090.13377619464,420.6111354638242,14.468608102412588
316,59092.029651637335,420.4706845761714,-1.3331370568743068
317,59110.76590891241,420.4545369512418,3.744247900581229
318,59108.1756461363,420.4430197133405,-1.042196745662352
319,59090.099053139136,420.3269488887439,11.273457998697495
320,59110.12702452103,420.3091147426529,22.76998137038595
321,59089.5295946524,420.3027145776902,7.158616876695703
322,59089.56431775215,420.3010458662337,4.891026261846093
323,59110.21035729509,420.2347865108628,14.822303980410254
324,59105.78676248577,420.1106842348228,1.4071392436067072
326,59112.772836802375,420.0900412427951,-0.8623588345298003
328,59108.55064452456,419.97465585914887,9.500449491376003
329,59108.01592453787,419.9168651852349,5.647001811712698
330,59110.8700748021,419.88279650304406,10.246602535713464
331,59108.60619982445,419.8439161799761,13.946383183302032
332,59108.13397963588,419.670383062504,-0.5908714750312924
333,59110.87701919416,419.5470086014944,10.46539916406391
334,59112.786725570186,419.5074499304337,-1.8235156819428653
335,59112.73811488308,419.4158549471728,-0.3542155427596754
336,59110.78674209091,419.3112808074701,3.8156496219028213
337,59108.599255412366,419.30288063134674,12.802408548972096
338,59089.55737313238,419.2734033448969,4.294032003993095
339,59105.77981804343,419.13473587674895,0.754336659556202
340,59108.18953496884,419.0945485453619,-2.689356403370823
341,59110.85618601705,418.98583007610114,8.269217987035859
342,59110.18257970451,418.9354710400133,16.038709444642905
343,59110.11313572481,418.800181139886,22.65730155900161
344,59108.16175730283,418.7998824704013,-2.33164625961831
345,59110.28674566358,418.78705069867823,7.157449454925882
346,59106.51592852058,418.7372739626138,34.76006724347559
347,59106.43259530415,418.64383798105007,25.823189385300168
348,59091.93937199392,418.5977896148645,-0.32253047247576205
350,59108.0645354634,418.51927822383743,1.3514045545240378
351,59110.10619132624,418.4286126835077,22.991034149237066
352,59108.529811286455,418.4153207236429,6.381382471943027
353,59089.50181617055,418.3939530793299,7.257410825102454
354,59108.48814480746,418.29478249395066,3.4261579621761484
355,59112.85616940972,418.2598529892351,-4.134201020602973
356,59108.40481184202,418.2512192649742,-1.0270329346665221
357,59108.08536871594,418.16189735563177,-0.0676997234851342
358,59108.11314638474,418.0459377325356,-1.4225600644453493
359,59106.52287295455,418.0400974459058,34.80846604395617
361,59108.15481288609,418.01244635759696,-2.921768646224166
362,59110.12008012292,417.923947350018,21.080466092358563
363,59108.46731156703,417.9076137841749,1.7731450754798175
364,59108.168701719565,417.8903230465691,-3.4248947049496223
365,59108.38397859926,417.857871488628,-2.2391647829647354
366,59091.911593639656,417.81433710490944,0.22712720657989394
368,59112.91172448238,417.6542057811581,-4.58000441606282
369,59109.97424774725,417.6175126553619,36.130839217362734
370,59108.09925755034,417.5908287773124,-1.283853599031886
371,59106.467317479095,417.5563847581072,28.384949189019892
372,59108.49508922047,417.505629250464,3.0819333044450445
373,59108.446478326136,417.4113145886657,0.11753506012223625
374,59091.98103952344,417.40344405125006,-3.129586483489902
375,59092.00881787443,417.3155188824199,-4.025725501612044
376,59108.022868956,417.3107536663866,2.5921257764267693
377,59089.53653927263,417.2210005894799,3.601506217152405
378,59089.54348389239,417.1303491913109,3.0464004031733793
379,59089.47403768684,417.06589227088335,8.097718928293489
380,59106.48815078285,416.89826022709445,29.94495320966581
381,59090.11988697281,416.7893537042668,9.456145796874239
382,59106.50203965172,416.7717254550018,31.30469636112639
384,59108.14092405262,416.75417076300886,-3.7448294206585047
385,59108.50203363394,416.75069166736944,2.7831531498884488
386,59089.55042851262,416.6972884688676,2.159993359373061
387,59108.37703418485,416.5367135455797,-3.806865650552595
388,59112.9325576348,416.5194501131959,-5.4230969982098145
389,59110.015914142896,416.5134344611902,30.555892782576507
390,59091.953261171046,416.5117855905754,-2.9985413080316334
392,59112.88394694582,416.434752375601,-5.992027058928102
394,59089.52265003217,416.2709429796279,3.6130143632266822
396,59089.494871549854,415.9827849966944,5.373727397366963
397,59109.96730334775,415.9245038895318,35.1826541348517
398,59091.97409493534,415.9240109187008,-4.373244616055217
399,59110.06452493525,415.874426577466,24.75312671661112
400,59108.20342380138,415.7994324760068,-6.22773504808157
401,59108.45342273961,415.77433685619707,-1.1450799535160172
402,59108.39092301366,415.5634594042148,-4.273778744398385
403,59110.02285854194,415.52360684855495,28.823083772945893
404,59110.20341289744,415.4864893793355,10.691476618461252
405,59090.14766541648,415.4800926893624,10.56132871933113
406,59110.154802113466,415.4284495615966,15.161144349266749
407,59112.7311704994,415.3977291990447,-4.096098804471183
408,59110.83535283995,415.3725391250813,3.110045214633999
409,59089.480982307534,415.2892901323615,5.764610693678833
410,59108.61314423653,415.2527777685871,9.966367326719194
411,59110.863130409576,415.2382843330271,5.057024575611308
412,59108.536755699,415.1397505980654,3.6155917037273753
413,59091.98798411154,415.0866090469584,-5.668784890953532
414,59108.0506466276,415.0744404261652,-1.3243619253361771
415,59108.036757792266,415.065968096699,-0.5160300667427578
416,59112.75894803456,414.9628829704496,-5.55671403306809
417,59110.17563530686,414.8946182834696,12.645134345433462
418,59090.154610026926,414.8842084397599,10.589187612972637
419,59089.50876079124,414.8430799394756,3.1891083515080254
420,59110.00896974385,414.8153578456349,29.601858946958032
421,59110.16174651111,414.7958683662142,13.861347476021763
422,59110.043691739054,414.70494009730953,25.78449239794429
423,59112.80755872214,414.68309964086313,-7.112857260167232
424,59110.31452325043,414.6221837700221,1.0251059215815985
425,59110.18952410215,414.5615751825912,11.02464756911695
426,59090.12683158373,414.4496576564724,7.70754721321282
427,59092.001873286805,414.4119813897016,-6.747591650572417
428,59110.05758053668,414.409973807543,24.019734041585252
429,59090.17544385828,414.3385469235647,11.959519972999146
430,59108.23120146553,414.2308366616493,-8.11526786338493
431,59110.29369006029,414.1739876822744,2.036722468700134
432,59091.904649051095,414.1684799279722,-3.054245144244817
433,59109.98119214676,414.1623658954544,31.93033327434142
434,59087.77954488265,414.15777917261175,4.244632047499408
435,59106.529817388975,414.14515654490367,31.659188264109048
436,59092.036596224505,414.102296108267,-7.8280554149556
437,59109.96035894824,414.0974887967202,34.09966119575529
438,59110.09924692813,414.0537942690121,19.325964143345857
440,59108.63397747277,413.8268712303313,10.420732346664295
441,59110.03674734002,413.7732809361901,25.591040233150636
442,59106.4603730442,413.66810646222257,23.761361860368083
443,59092.06437457364,413.6450477266369,-8.651938942856532
444,59108.00898011974,413.5889041166811,-0.221020857666133
445,59108.09231313314,413.5859989487927,-4.97249361761061
446,59091.932427405816,413.5687270285824,-5.037282509737679
447,59110.1964684998,413.5243572044719,9.354603858132975
448,59108.55758893756,413.51013751146087,3.5757292971842958
449,59110.89785237032,413.4617580426811,6.09901743543611
450,59107.932591515615,413.4436998861468,5.380858207818449
451,59106.446484174405,413.4094238142658,22.039738788947204
452,59112.79366995433,413.32410376762994,-8.175633490429504
453,59108.0714798806,413.2993765168687,-4.234786893370654
454,59108.585366587744,413.1411704026024,5.4602289436424485
455,59106.14787339469,413.1162951350503,-3.6291766926786977
457,59090.11294236143,413.0543566410786,5.1387479877828355
458,59092.17548795667,413.0044141880656,-8.511768410198329
459,59092.022707049706,412.94124971830087,-8.722176502943
460,59089.4879269287,412.923954406082,2.8522484033832143
461,59089.467093065214,412.91497783981913,4.5125914560428555
462,59109.95341454827,412.8288068474622,33.57393417279934
463,59112.75200365089,412.8025662076233,-7.480480401010709
464,59087.7934342372,412.7900850557288,3.9859925392446485
465,59089.45320382243,412.7432689015301,5.499487129305862
466,59110.90479676238,412.598925107945,5.826830368515061
467,59110.91868554649,412.5809070331493,7.0153774091354535
468,59108.571477762656,412.57979671255777,3.7536645320093953
469,59108.120090801945,412.4611422844096,-7.284769026439108
470,59106.48120634843,412.4105012103601,24.71604820605279
471,59108.07842429827,412.40266742340407,-5.4854459392072386
472,59108.627033060686,412.3177275075018,8.277236629314473
473,59091.925482817256,412.1385464003531,-6.140429291389978
474,59108.59231099983,412.1365136401474,5.041501259256222
475,59108.043702209936,412.0611030342259,-3.9351924850269597
476,59108.65481070808,412.0451721199751,10.584931512635421
478,59108.245090297605,411.91013705513313,-10.511186278198181
479,59110.029802940975,411.88671765353945,24.44453993677928
480,59107.93953593468,411.8288063912789,3.19479023960497
481,59108.02981337413,411.7842081267969,-3.3718501052870806
482,59106.4534286093,411.6737832628679,21.034201590369037
483,59108.48120039398,411.6138758776162,-3.688289538830759
484,59091.89075987303,411.5817426345393,-4.8754597581035455
485,59107.89092500031,411.52179426973606,7.066733955825498
486,59090.14072080556,411.47998135196303,5.945308523073095
489,59107.91175825842,411.2970445718695,5.000635654864425
490,59107.88398058077,411.2117882225343,7.3861424882229585
493,59110.93951872172,410.9862960833134,7.290543634588687
495,59108.56453335011,410.8849393304951,1.499954580145186
496,59110.09230252955,410.740096270518,16.72620850760751
497,59089.51570541148,410.700687572652,-1.4604731686725927
498,59109.9881365458,410.6736385920841,27.695977564252246
499,59107.9048138389,410.6553871309817,4.964724581575865
500,59109.99508094531,410.50383088807337,26.78053844611054
501,59110.91174115444,410.4346908378765,4.261737759707273
502,59112.52283898219,410.3481024795772,4.6028679857374755
503,59091.96715034724,410.33903995609455,-9.709113199281205
505,59107.95342477234,410.1822829491777,0.43360130978726374
506,59112.90478009824,410.171223375737,-12.132212309893475
508,59107.91870267749,409.9676075995913,3.0737783100909724
509,59091.94631658248,409.9022835360296,-9.319511573512614
511,59110.08535813098,409.8141982990044,16.51819179973944
512,59110.92562993855,409.72932283974507,4.77928151262762
514,59107.94648035328,409.5592174863877,0.3631877934333829
515,59090.18933307871,409.4212488004665,8.354567099327767
516,59110.88396358621,409.4150544327245,0.8973502159906275
517,59090.16155463738,409.36238649113847,5.698720332776759
518,59107.92564709656,409.31930469719305,1.8365943745447453
519,59110.0784137324,409.24530210973273,16.670859368310232
520,59107.96036919094,409.22997008146194,-1.0618044420078832
521,59091.87687069497,409.2285497383692,-6.415311291756609
522,59090.20322229868,409.1235588132554,9.395053507505452
523,59089.46014844405,409.1157195261321,1.2881987539455508
524,59110.89090797827,408.9248838772293,0.9802041606445187
525,59110.94646311378,408.9156638430519,5.8582640635762
527,59089.4462592008,408.7892027893696,2.137824859469106
529,59087.77260020469,408.730924587608,-1.7224203648737557
530,59092.07131916034,408.68391733485953,-13.669693305682756
531,59110.93257433014,408.6507312228873,4.3240231528413915
533,59106.62703945844,408.6118224215086,36.425734326865665
534,59107.87703616124,408.2105730662963,5.02178537038867
535,59109.94647014876,408.17816126379046,29.664910824995843
536,59091.91853822822,408.1176425977768,-9.821692758781353
537,59106.57148399184,408.10909832691294,30.08404633394764
538,59092.01576246207,408.05014268501066,-13.45907275893262
539,59108.62008864861,407.945879486949,3.278556792628649
541,59112.814503105816,407.8708805907143,-14.05241850781755
542,59109.91869254934,407.7043363715568,32.13895996234885
544,59110.05063613763,407.6553609601473,17.998825968415815
545,59106.43953973905,407.5532426295853,15.456448694883079
546,59110.07146933382,407.5302259763381,15.680771763895223
547,59092.05742998647,407.48310119455743,-14.743219832806687
549,59106.620095025406,407.3967959227,34.491622878974624
550,59090.244889956266,407.1666631556596,11.588387911783741
551,59110.00202534435,407.0603474315097,22.59168698961321
552,59109.93952574879,406.99971916248165,29.226493479810927
553,59090.1962776887,406.98542597221086,6.584722223947324
554,59090.231000737695,406.8698408142355,9.887500427869384
555,59087.75176616751,406.7638610608785,-5.250454679296979
556,59106.68953935202,406.7483596947375,40.83012529932256
557,59108.68258835453,406.6929139799064,7.918453635011645
558,59106.64092832404,406.6889996287305,35.929253514358095
559,59112.72422611526,406.6388008992806,-12.565744965989893
560,59106.55759512437,406.620585201338,27.11282156918861
561,59089.42542533546,406.5766501738077,1.7523417785407105
563,59108.0020357016,406.53683644443504,-6.8021405250974
565,59089.43931457918,406.43346369144274,0.38294283650458283
566,59107.96731360954,406.41790254761605,-4.407211854432205
567,59090.16849924783,406.3251392885141,3.300213807161981
568,59087.78648956016,406.17768556417,-3.185645282370672
570,59108.68953276568,406.1214980087209,8.033185885656565
571,59112.77978118652,406.06983106208656,-15.078667107471347
572,59087.76565552624,405.9676297999482,-5.01610157044405
573,59108.05759104573,405.90431161809374,-10.885063301588332
574,59087.75871084734,405.8774585114039,-5.626658403957208
575,59112.745059266745,405.6920527317976,-14.341121945167117
577,59090.22405612817,405.34829494221145,7.671296197234767
578,59107.82842522267,405.3196128693792,6.777826566295687
579,59090.21016690867,405.2536475419586,6.20332106369375
580,59106.66870605478,405.1977691480615,37.23629581142933
583,59087.80037891377,405.0881821884306,-3.1474497101005454
584,59106.63398389147,405.06633564304553,33.59547502871874
585,59108.64786629646,404.9867949163705,2.871011610534026
588,59091.89770446206,404.61802135889377,-12.227989682957514
590,59106.54370625691,404.5708547067195,23.575410569110602
591,59091.862981516446,404.5451669836811,-10.238695949095359
592,59108.67564394292,404.53461454406914,5.079645207992996
593,59107.89786941983,404.51898398308987,-0.5578226404031739
595,59106.564539558334,404.4199487951644,25.65429470283226
596,59106.55065069087,404.417679112712,24.166563660416614
599,59091.883815284,403.944027058201,-12.112410947798196
600,59090.25183456578,403.94327993046886,9.07390998912507
601,59087.81426826552,403.8124206612513,-3.2594385875842136
602,59112.58533843759,403.7542818398095,-7.118081320298245
603,59106.59926172584,403.551814743117,28.4688167429058
604,59090.25877917484,403.31389719047087,9.157677223861754
606,59106.57842842534,403.2674165106436,25.981194696648515
609,59106.68259491992,403.1264061271476,36.5328660202004
610,59087.821212940704,403.0504745238098,-3.4264884008247236
611,59089.4115360908,402.9284309068238,-0.638465285506868
612,59106.53676182294,402.9059218272053,21.165438042804055
614,59106.82148355172,402.8671755529703,48.36121861941916
617,59089.43236995708,402.67007983757,-2.7713452891770203
618,59109.92563694931,402.5188732447385,26.21984782593023
619,59106.61315059237,402.4580881853918,28.8302295651784
620,59112.508950214375,402.4576214119697,-2.053431935754645
621,59106.69648378459,402.4500638764501,37.20103903184139
623,59113.085334091,402.4175264183376,-13.680837197170774
624,59107.85620290265,402.35049777846336,1.1146574287271847
625,59089.37681297802,402.259359843749,1.9606010749133702
627,59110.97424068015,402.1530703947525,1.7184531824598253
628,59090.18238846873,402.1268526285661,0.4006513490194834
629,59090.217111518185,402.0771146709325,3.710705112540893
631,59112.48117267829,401.9247089972477,-0.027539002042317406
635,59108.71731041073,401.6389564832108,6.346700205360207
636,59107.87009174172,401.6259533905424,-0.9187602819438894
637,59108.71036599959,401.61844935360085,5.619957319394814
640,59089.32125599057,401.5968828288708,6.83583183242331
641,59110.96729628855,401.5526210340802,0.4523684031804578
642,59108.703421588434,401.5134367961443,4.813356773380633
644,59107.83536964266,401.4460948420015,2.221853965988373
645,59107.67564796414,401.4270913404148,18.85605268569941
646,59107.84231406266,401.4232155659466,1.522320060125594
647,59087.83510228966,401.3392983152203,-3.9229143886067845
649,59107.84925848266,401.27670857813627,0.7052000719591547
651,59112.7658924187,401.17999859125695,-19.56274281193282
653,59108.69647717728,401.0111185463184,3.614348895228545
654,59109.91174814937,400.9568467774963,26.122468945354967
656,59112.4950614461,400.843256112798,-2.4028660302561207
657,59112.57839405391,400.8006622865174,-9.539245871595426
660,59111.06451776523,400.5898617274455,9.286318058424627
661,59108.6686995313,400.5792241608346,0.44962817543557776
663,59089.32820061453,400.5047029828416,5.034082516184469
664,59107.82148080268,400.50274990963067,2.6489743667575
665,59106.67565048735,400.471648242972,33.19694737452198
666,59106.60620615887,400.4716267176404,26.117739971658352
667,59107.696481228784,400.4424951766314,15.635081679899372
668,59108.64092188438,400.4412499333838,-2.323243394382132
669,59087.80732358988,400.4243389753672,-7.233813074168552
671,59105.77287360061,400.0484622962084,-17.99614896311283
672,59089.40459146872,400.04226031952857,-2.8847896290621975
673,59107.86314732218,400.0087011538192,-1.8849525544712264
674,59087.89065966686,399.96100155776736,-0.1419761262108068
675,59089.335145238016,399.7838559416516,3.6081255527189455
676,59111.07146215635,399.7255856477945,9.15239959433302
677,59090.23794534721,399.7255334579661,3.442850892604554
679,59111.05757337457,399.59560228533326,7.5646718797074755
680,59089.39764684616,399.55334149797744,-2.7267392459347093
683,59087.8698256539,399.4958991039328,-2.594108784020875
684,59091.85603692696,399.3500726514821,-14.9866763445944
685,59106.592317292336,399.2836134441183,23.46868138274226
686,59112.51589459852,399.2201292333227,-5.911969713997223
687,59111.03674020166,399.1558652965086,4.963191738266744
688,59089.30042211824,399.1445690879459,6.536441567504141
689,59106.7173170809,399.1123203033221,35.83196786272987
692,59087.84204696344,398.94249153990745,-5.700301181937448
693,59109.93258134928,398.926304405783,21.891241581162433
694,59087.848991636754,398.8881578898332,-5.127479003671738
695,59107.80759196222,398.88711291894646,2.425042644457392
696,59106.66176162221,398.81556568666895,30.161953473079336
697,59106.65481718964,398.74657298371767,29.395702703308814
698,59108.66175511968,398.74622822917206,-2.051871104398174
703,59106.58537285883,398.5721509957274,22.022723547489136
704,59111.04368459279,398.55254239722063,5.076789019796877
705,59089.41848071336,398.4859383205207,-5.713452690807799
706,59111.00201824558,398.4516414201035,0.7394775518421852
707,59106.71037264879,398.4508767015178,34.52102840193464
709,59089.35597910848,398.1303643743679,-0.13142865196795128
710,59089.34903448499,398.0809531973536,0.509387234523274
711,59089.34208986197,398.0616597836241,1.1855307884388822
712,59087.89760433692,398.01387726505067,-1.4142108463214527
713,59108.738143643706,397.9920025302049,4.843809835447416
714,59108.73119923303,397.98496232890193,4.118110305673838
715,59107.6895368074,397.9822047971204,13.919953892487285
716,59087.88371499634,397.9366987576198,-2.835054295274972
718,59112.83533625777,397.90335367679177,-24.318370701567005
719,59107.81453638268,397.8427539685087,0.6822996327790065
720,59110.98812946286,397.834039238161,-1.2508505232926268
721,59112.42561760563,397.83064940745055,1.3057959098053402
723,59107.66175912089,397.6409001676711,16.56048104714921
725,59087.86288098199,397.59937417042494,-5.13964229706238
726,59106.81453912102,397.5882167953965,42.56114587348526
727,59106.807594689846,397.5758471981904,42.01767596442909
729,59112.55756090196,397.4372614778263,-11.247439096511357
730,59107.64787027718,397.4186128421434,17.826091121275965
733,59091.849092337456,397.385132330071,-16.49330440189459
735,59107.70342565018,397.2421904515596,11.69026494989697
737,59112.66867104447,397.2140122431511,-19.220208927740657
738,59107.75898101852,397.1319061084612,5.679124167178998
739,59107.65481469903,397.1071587276374,16.77116155605421
740,59107.7867587013,397.0889059019247,2.749861642092469
741,59089.369868355,397.0541802203527,-2.571452789837849
742,59091.83520315847,397.0379226018311,-15.890953389799392
743,59107.66870354275,397.02525387472383,15.199732198509821
744,59112.474228294144,397.0201537356679,-4.274879627936286
745,59087.9045490065,397.0035947961464,-1.7437306123454732
746,59107.77981428084,396.99179818004257,3.3688780071185533
748,59110.98118507173,396.7363772250919,-3.0263723581970794
749,59111.08535093767,396.6320627689519,7.527459916693431
750,59087.8559363096,396.6182965604456,-6.762672679777722
756,59087.911493676096,396.4438391389545,-1.6170935598598248
758,59112.71728173159,396.4261074841552,-22.47621995358827
759,59109.84230414592,396.3568546432266,28.629836167996814
761,59089.314311366616,396.3280879850112,2.280812503615948
762,59107.682592386,396.3066973395962,12.989993463989606
763,59112.8283918741,396.1718961326116,-25.964324736749404
765,59110.96035189696,396.1472981187845,-5.612119971762013
766,59111.09923971899,396.0557468884066,8.42846816354728
768,59089.383757600575,395.8924931140012,-5.073207271038029
769,59111.10618410965,395.8725085698515,8.986510643135261
770,59108.72425482188,395.7760487235829,1.1944237239141557
771,59107.79370312176,395.7717258329952,0.7206125536183094
772,59107.80064754222,395.7612616639912,0.0023887658311423365
774,59107.77286985991,395.7019169698434,2.7989202150092183
775,59107.72425891389,395.5515121988605,7.772611763391637
776,59091.828258568974,395.5277249837163,-16.910241708496528
777,59111.02979581054,395.5179231789052,0.6123321920758258
778,59091.77964643924,395.5148652540765,-13.202458375226627
779,59089.3073667422,395.5142625821685,2.184713747154035
780,59090.27266839294,395.4530900592456,2.734883826295288
781,59091.7865910292,395.3494440339789,-13.928541357439371
782,59089.36292373197,395.1851788592459,-3.7613847306106436
783,59112.45339514219,395.1651678428746,-4.1199351180821395
784,59107.02287201378,395.11934257937895,50.66937064468169
786,59113.07838970639,394.9502131115658,-21.547675508702923
788,59107.73814775621,394.92676702771263,5.671334283929866
789,59113.07144532178,394.9192297393152,-21.96621431825662
790,59112.48811706242,394.9071691847361,-7.695519194411247
791,59107.64092585532,394.8815337987292,16.031275481528553
792,59109.89785934896,394.8720373508268,21.490662071743657
794,59091.86992610548,394.8430292100875,-20.376589598399846
797,59112.43256198977,394.711253249858,-2.511537136772688
798,59087.82815761541,394.7052305473511,-11.168445030036423
799,59111.01590702829,394.6851879010472,-1.6332126653553587
800,59112.418673221495,394.67862069077086,-1.1434601841086192
803,59107.71037007157,394.6241850740917,8.328664080562703
804,59091.807424799554,394.6222542659238,-16.280584025717133
805,59110.953407505374,394.6179430741927,-7.793935079416428
806,59112.50200583024,394.61692501269926,-9.265394545332697
807,59109.90480374939,394.54601775569006,20.439726968286493
808,59112.44645075805,394.5351930582897,-4.067968574610688
811,59110.99507385445,394.33930651771607,-4.061973252003611
813,59111.00896263716,394.3095625135635,-2.708225585342973
816,59107.62703701114,394.1968982920951,16.826470729907044
821,59090.279613001534,394.0284305913229,2.0345744173278604
822,59109.890914948985,393.97363035516827,21.313740031652515
824,59107.73120333481,393.8970578140489,5.378903259360243
826,59111.09229532833,393.67410319122376,5.307201433598777
827,59112.46728391,393.6434709406048,-6.987808271819006
828,59087.87677032536,393.6170179199423,-7.817157406661522
830,59107.62009258881,393.55701389795615,16.923625130034395
831,59106.72426151253,393.3625527777001,30.724657751641985
832,59090.28655761058,393.333338905573,2.0670504338347087
833,59091.84214774797,393.3303656199658,-20.078724228346516
835,59106.752039239545,393.19753525102345,33.05453593002977
838,59089.25180974497,393.0414791658183,5.564964475414058
839,59089.27264361963,392.9977233306786,3.307056843502778
840,59090.26572378389,392.9617269599329,-0.4773530528746619
843,59112.55061651828,392.83393310666696,-15.280407687807894
844,59106.92565000579,392.7975802456253,44.792443799307364
845,59106.73815037627,392.6410685794967,31.266057939576854
846,59087.91843834475,392.6156426927094,-4.753512565883
847,59089.3907022236,392.5910479916541,-9.035171727551983
848,59107.74509217714,392.5595719037382,2.5691003384334863
849,59106.95342772396,392.5551407088552,45.82839917425861
850,59107.02981644263,392.45321194045096,48.156357844575666
851,59111.02285141942,392.4362362157767,-3.178014812025367
852,59106.73120594464,392.42033640264566,30.417630965049455
853,59112.57144966978,392.38923447524814,-17.4084485460246
855,59112.82144748996,392.245827987877,-29.790905941751703
856,59106.87009456573,392.23635083776367,41.08340670742621
858,59112.40478445321,392.00206855548623,-2.400965548218494
859,59090.29350221917,391.8685101923807,1.3327470821308793
860,59112.63394912517,391.8600268261392,-22.450440222535747
861,59109.85619294726,391.8549871929264,22.742092904844583
862,59106.94648329418,391.840705601694,44.81351778606256
863,59106.90481671647,391.7703400351136,42.67483243170898
864,59107.58537047673,391.7670304992199,18.779566252363338
866,59107.57148163115,391.7071710398138,20.154894134544918
867,59109.883970548544,391.6595569502237,19.717463427778966
870,59091.80048020959,391.50804659102334,-18.86289134780975
872,59109.87008174814,391.3536757792059,20.835087097285225
874,59106.91870557601,391.3118925780176,42.955624746624096
876,59091.793535619625,391.2554197705829,-18.573836051878914
878,59106.93953886487,391.0897890331765,43.749311294004826
879,59111.07840654701,391.0144531995956,1.1743346805310466
880,59106.79370582797,390.6758423219659,34.02627392630046
881,59106.932594435566,390.6470882775422,42.98058885353424
882,59106.77981696563,390.6392591926128,32.86066989010709
883,59090.30739143635,390.6350182033543,1.5681342215652876
884,59087.9323276816,390.56518913874737,-5.405247069628274
886,59106.64787275707,390.4810093142312,20.428010821323085
887,59112.46033952633,390.4622586059145,-9.498964060519711
889,59112.43950637392,390.3774602128359,-7.5381820425998285
890,59090.30044682776,390.3759605285293,0.5734195496227699
892,59112.41172883735,390.26649788062144,-4.848225646990784
893,59107.564537208826,390.2378385402677,19.397157309615807
894,59091.82131397901,390.2325342218036,-21.70400304385663
895,59107.75203659806,390.2137187993012,-0.5092897300236245
896,59089.29347749383,390.2081086447619,-1.6751604907818773
898,59112.62700474103,390.1464894737624,-23.705034425890346
902,59106.14092895653,390.0183596170091,-27.106994912308778
903,59106.703428216686,389.93706461368384,25.35091404052713
904,59111.050628983445,389.8514349569194,-2.903651601469903
907,59109.87702614858,389.79187636604695,18.56363501410425
908,59111.14785045221,389.7785469913778,7.360190365011533
910,59107.00898315656,389.7268912648127,44.9294507192061
912,59106.74509480791,389.65859008881847,28.903555301346557
913,59091.772701848815,389.62233714820303,-18.525133579703947
917,59112.62006035735,389.48909494945326,-23.892461476796996
918,59106.7867613968,389.4850305054847,32.27555504653094
919,59112.28672992005,389.4838735247774,7.5914792230922785
920,59107.63398143299,389.4018025305197,11.292330496160332
921,59107.71731449296,389.343870434624,2.3059360551014834
926,59089.27958824452,389.1969446287514,-1.2273334156282658
927,59106.80065025914,389.1281235806243,33.029055480693614
929,59106.77287253399,388.7563750888973,30.39966839621593
931,59109.84924854682,388.62908742005374,20.211732779496344
933,59106.91176114624,388.5378702385271,39.81810207724908
934,59106.89092785645,388.4514571563517,38.56829445275139
935,59087.92538301341,388.42422912160447,-8.248010978069829
936,59113.050612167965,388.3888599199553,-29.586070476547548
937,59089.25875436986,388.35495158724814,0.1384300565830472
938,59089.244865119625,388.35443447783234,1.6195307003310973
939,59106.75898367119,388.3420947678446,28.80297192085112
941,59089.23097586846,388.30021050620536,3.052280593894352
942,59107.76592543945,388.2380641566353,-3.9414670852968925
944,59112.5992272054,388.2113409386688,-23.69586480323784
945,59106.88398342621,388.1926916883369,37.897894657914605
946,59107.04370529938,388.169731330524,44.137606518769246
947,59106.84231684384,388.0474476196854,35.04307186384426
948,59107.606203744166,388.037854329429,12.871473750798884
949,59106.86315013549,387.9663053647613,36.367154971732134
956,59089.23792049381,387.65496007140393,1.6630063790672693
957,59109.8631373477,387.639876246936,17.826487211703295
959,59089.2865328694,387.6082396491745,-3.546992992106766
960,59106.82842798243,387.56513251707287,33.57011715674162
963,59091.75186807753,387.4666493953554,-18.918167465065153
964,59107.55759278557,387.26989337843264,17.136469913840187
965,59112.84922502605,387.2590274135,-35.091636566364286
966,59112.39784006908,387.2478015016589,-6.439465299951337
967,59106.99509429888,387.2333871980039,42.033922598602715
968,59112.61311597322,387.2270595521928,-25.6736728751859
969,59089.26569899474,387.20054398518994,-1.7541160300278875
971,59107.59925932184,387.06332714483415,12.626391984244037
972,59109.78674893916,387.024032718386,24.603218634394523
974,59091.81436938951,386.8737114623172,-24.551055425258255
975,59111.12701728117,386.7501054264525,2.0952463864300626
977,59092.1546541989,386.7172892609152,-35.218230290766144
978,59106.83537241314,386.6951983618533,33.20076966098776
981,59107.57842605394,386.3149528116177,14.046996344602746
983,59109.81452654324,386.2278331470451,21.20522225532227
984,59109.80758214233,386.1580984008373,21.79614770718149
985,59089.21708661682,386.1360831163594,2.3783587492553693
986,59087.93927234933,386.1212748071149,-9.142719464450693
987,59107.59231489905,386.0547391174061,12.344195917780553
989,59109.79369334006,385.9756661006968,22.914846197476606
990,59107.01592758494,385.9443254758113,41.32747151795803
991,59109.76591573552,385.9012731602848,25.355503383060807
992,59106.76592810282,385.84010119995065,26.896480141322627
995,59111.11312850031,385.6135189277708,-0.5298052002797249
996,59091.74492348664,385.5379577868473,-20.242308932937704
997,59090.328225261175,385.5297662068221,-1.318169223078712
998,59107.613148166485,385.37854783956953,9.479928880063994
999,59087.94621701612,385.37392063452273,-9.17924604762976
1001,59112.536727750005,385.3570094541398,-21.589893062359124
1003,59112.64089350884,385.1569790853096,-29.601242805871834
1005,59087.953161683385,385.0020294492392,-8.836177757109851
1006,59090.3351698693,384.9845072514808,-1.1206667991222616
1008,59106.96731658257,384.9462069598023,38.78140233571361
1009,59112.84228064191,384.94552972841313,-37.347684200248864
1010,59106.89787228622,384.893908125259,35.41055614649889
1011,59112.65478227666,384.8744550795533,-30.745076047964346
1012,59112.863113793865,384.8609015138581,-37.5624670130249
1013,59091.76575725839,384.8306399209477,-22.737990350415885
1014,59112.39089568493,384.7967877541595,-8.170889515513238
1015,59112.29367430418,384.7844983006891,2.146566852023227
1017,59091.75881266796,384.7542821546305,-22.226726862608245
1019,59112.3075630734,384.5502640209011,0.4211516077523356
1022,59106.98120544072,384.42343817560055,38.76796839882064
1023,59111.1200728905,384.368006002597,-1.0315166425251618
1024,59107.00203872772,384.3447714450235,39.353104224145795
1025,59112.5645052861,384.1633926169627,-25.082488870927307
1026,59109.758971334144,384.024423286865,24.087933073280055
1027,59109.82841534458,383.67150460837007,17.308563492504334
1029,59109.83535974549,383.5887071383728,16.546574681064044
1030,59109.80063774143,383.5542731652071,19.846330652245456
1031,59087.96705101558,383.5055746523525,-8.891341250889866
1032,59106.877038995975,383.4838021284594,32.765694223815444
1035,59090.3560036932,383.36749558397673,-0.5037724446843868
1036,59090.362948300855,383.3400191163577,0.2143737614618999
1037,59092.16159878467,383.3289263479562,-38.48066514538357
1038,59107.05759415613,383.2669057638614,39.44386149478299
1039,59107.55064836278,383.2614772794572,13.830720908707406
1040,59109.77286013689,383.2106460432183,22.04758164046865
1041,59089.20319736472,383.1462378982232,0.8798217524968663
1043,59112.59228282173,383.0017635896357,-28.393094328730854
1045,59089.19625273844,382.9752674025288,1.4542530482063398
1046,59112.60617158954,382.92241168418417,-29.486812018387127
1047,59111.16173923259,382.7902619273576,1.8623371920031104
1048,59112.52978336633,382.780851974117,-23.569389100777187
1049,59111.27979385936,382.565144789093,13.974427710806992
1051,59106.97426101142,382.5039600401068,36.60044533684811
1052,59106.856205705255,382.3780591252525,30.321491807488712
1053,59089.22403124264,382.3014524533736,-2.2016456492360135
1054,59107.46037085813,382.1830751470518,21.357675234523185
1055,59090.37683751617,382.1704279068832,0.5359112552609417
1056,59090.39767133821,382.04227386179,2.6401650276741293
1057,59109.82147094414,381.9490631312211,16.25937599622938
1059,59111.25896069064,381.87189987271967,11.176354174860137
1060,59089.210141991,381.8488944991071,-1.1631804503117564
1062,59109.779804537786,381.7590571745265,19.97090360905878
1063,59112.710337347446,381.7380935614208,-36.849187062829
1064,59112.26589676623,381.5155492573477,1.8563586994164325
1065,59107.37703777581,381.4554113664968,27.40259183278107
1066,59107.44648201023,381.4184425743592,21.810812876495334
1068,59090.32128065306,381.29919317168617,-6.29012414438165
1069,59092.0504853993,381.2675764699894,-40.87406248907973
1070,59112.22423045906,381.2620282951588,6.030028073876736
1071,59111.1547948424,381.2452923448328,-0.42761384613720566
1073,59090.31433604493,381.2086920128811,-7.120362882099187
1076,59109.74508253141,381.0316156134838,22.288771804812995
1079,59112.32145184214,380.92428112074776,-4.6943791009607025
1081,59112.70339296377,380.753559190136,-37.50595880355297
1082,59111.26590508037,380.717350718923,10.728140206729961
1083,59107.46731528186,380.5781576879622,19.13189036536653
1084,59106.84926127455,380.3579103285284,27.83287877175917
1085,59090.38378212336,380.2979830530193,-0.5915602413340366
1087,59107.42564873767,380.2020919263762,22.357966060153103
1089,59089.16847423238,380.054136413113,1.5068374699556557
1090,59109.73813812957,380.02853601915086,21.869632750614528
1091,59111.20340557282,380.0188407230657,3.5360788253348687
1092,59111.25201630138,379.9800272079833,8.573756570801322
1093,59089.182363485874,379.9681788920676,-0.06386774757220337
1096,59089.13375109631,379.8931965268408,5.025406682963705
1098,59112.30061868879,379.8409744505189,-3.5426184959215448
1099,59107.43259316185,379.83063757732833,21.40738033330905
1100,59107.05064972776,379.7973848463961,35.87677693574085
1101,59109.717304925,379.7779343296196,23.316828689414876
1103,59090.39072673101,379.7265442368871,-0.4187744741059305
1105,59111.19646118309,379.7043174375858,2.4849633435944725
1107,59089.11986184095,379.681479399388,6.2670294136245275
1108,59112.32839622628,379.6401674352015,-6.721989106710794
1109,59112.68950419596,379.5990904735633,-37.96722749248863
1110,59107.41870431348,379.5618150257823,22.28784045824085
1111,59090.34905908554,379.5547189600775,-5.0618555031202845
1112,59107.34926007581,379.5495448259133,27.4400559196431
1113,59111.18257240317,379.5228531294576,0.824399412529317
1114,59091.69631135039,379.4905665289932,-21.842322320090773
1115,59107.18259385203,379.3875746714237,34.91924537706103
1116,59111.13396167135,379.3167844601032,-4.5928149335057356
1117,59107.411759888826,379.1976209562053,22.48461399915857
1118,59087.96010634971,379.19497954400026,-13.924391828687988
1121,59107.43953758604,378.97246328116046,19.961301430937056
1122,59111.16868362279,378.7824582701635,-1.4012200770977188
1123,59089.099027956974,378.62082349142975,7.3601002102734014
1124,59089.16152960516,378.6140905568808,0.8069197740103391
1125,59107.16870499807,378.5555145674724,34.38275652394475
1129,59089.14069572398,378.409844024887,2.8109045094568046
1130,59112.66172666033,378.3795448263901,-37.653233028731165
1131,59089.154584978416,378.3136896268006,1.2447971071374582
1132,59091.73797889621,378.2923498198553,-26.875224793641678
1134,59107.161760571085,378.2280837378247,34.18234169260421
1136,59109.75202693278,378.1182149048727,18.782771573737648
1137,59111.14090606201,378.066074884334,-5.097934900812163
1138,59112.34922937917,378.06399873387664,-10.52035147108245
1139,59111.21034996302,378.0483175297693,2.299825112347264
1140,59089.17541885912,378.04495747607774,-1.2440550484577102
1141,59107.45342643441,378.0086514387132,17.796203697391036
1143,59089.1476403512,377.91383235563154,1.5811045940138797
1144,59107.31453794929,377.8919335187544,27.96237476950961
1146,59107.1548161441,377.8220236536061,33.88938904800352
1147,59091.73103430532,377.807007219832,-26.739952093520003
1148,59107.54370393999,377.73083050188535,8.997899627566824
1149,59112.68255981228,377.6428016760631,-39.558326508142045
1150,59087.973995681445,377.5678265247153,-14.103272286123229
1151,59089.112917213264,377.4023567446952,4.709577814157001
1152,59106.07148456706,377.3693187057726,-42.86400375291197
1153,59091.71714512353,377.36662569687314,-25.916223023615146
1154,59107.36314892605,377.2882968807505,24.2285186192247
1155,59107.47425970604,377.2599104455096,15.185082196493738
1158,59113.01589024587,377.07751425190577,-42.46177785422344
1159,59112.37700691618,376.9629549981028,-14.555105829607783
1160,59107.32148237487,376.9564948957853,26.613961622909585
1161,59107.2034271325,376.9067625128407,31.892056886070634
1162,59107.33537122557,376.870588638674,25.66727956924109
1163,59111.22423874247,376.84509765631697,2.557127692091001
1164,59111.17562801298,376.78928719087264,-2.6511456610123787
1166,59089.18930811215,376.6609418078052,-4.115194021083198
1167,59112.67561542815,376.61283881474657,-40.21087882097987
1168,59107.06453858405,376.4702772561001,32.73080851670778
1169,59107.12703843479,376.4342162874265,32.81419268483933
1170,59091.67547757632,376.4264168950149,-22.89754519456295
1172,59113.03672339922,376.2687454573395,-42.37023976889168
1173,59107.30759352417,376.2208437916278,26.692452553898477
1174,59112.21728607445,376.2088536392523,1.7065562526910867
1175,59089.10597258512,376.1320359284945,4.157251403473026
1176,59090.36989290852,376.1106431817699,-6.26932959702259
1178,59112.37006253205,376.0167890866194,-14.771762641864655
1179,59090.4046159454,375.9966863808323,-2.6634927062943348
1180,59107.07148301243,375.95497341416376,32.285062252683815
1181,59107.35620450093,375.9400641647763,23.3608608780699
1182,59089.09208332836,375.9215109478943,5.370660735547517
1184,59107.17564942504,375.8683672084327,31.554729976002648
1185,59112.31450745753,375.8480037541031,-9.026219760153992
1186,59112.36311814791,375.8221757978925,-14.234079946544114
1187,59112.54367213415,375.7916749726295,-31.743330815508386
1188,59107.14787171666,375.7258534974934,31.892377379562845
1189,59087.98094034637,375.7148683523936,-15.227311109845687
1190,59090.34211447743,375.6687138707513,-9.692584619997831
1191,59109.73119372821,375.5952521468319,18.011421787249276
1192,59113.00200147713,375.5835238510769,-44.49087217299501
1195,59107.25203811718,375.3434299460616,28.58304156418035
1196,59112.34228499502,375.3196299608293,-12.525636460112025
1197,59107.14092728921,375.29700332761297,31.548701320705163
1199,59091.72408971443,375.2824947288268,-28.636147810129387
1200,59107.40481546464,375.18288529887457,19.021461825038898
1201,59112.94644640308,375.088656905004,-46.58981900161962
1203,59111.1895167929,375.02527844641145,-2.932727561484228
1204,59107.3700933507,374.9937134542681,21.44267131058581
1205,59111.2311831322,374.9042682466203,1.342029645041066
1206,59090.43933897996,374.8497540220829,-0.1292326056881734
1207,59107.21731598553,374.8446565524092,29.39777927197798
1208,59107.26592696928,374.77470619474695,27.39765091623127
1210,59091.68242216767,374.7664728887264,-25.23328843554691
1211,59109.72424932637,374.7658151445255,17.747984740839797
1212,59107.48814855302,374.7560420870991,11.401912379653254
1213,59107.38398220047,374.72089255350346,20.155961414059334
1214,59111.24507191165,374.6654208229697,2.544289247596737
1215,59107.19648270552,374.6332356985677,29.8143096004556
1216,59112.21034168938,374.6293474396954,0.8537228084783237
1217,59112.97422393964,374.433860163483,-46.55110517370224
1218,59088.980969255215,374.4298913764262,14.466117736290698
1219,59090.41156055259,374.4156464937784,-3.5041479894136955
1220,59107.39092661534,374.4123552726913,19.325161934903804
1221,59107.23814926461,374.3875633120733,28.192090687195105
1222,59111.30062702714,374.351946400952,7.819794542290651
1223,59113.02977901461,374.3341338681017,-44.617835489746824
1224,59092.16854337044,374.3062787777277,-47.36351709003486
1225,59089.06430481392,374.1409756727729,6.382688512685775
1227,59109.68258291536,374.0326583814058,20.209209683191318
1228,59091.70325594128,373.98749174453445,-28.00224916373878
1229,59111.28673824862,373.9773216129366,6.078263281872125
1230,59111.97423259557,373.955960582396,21.33396475053985
1231,59107.27981582137,373.8202938293071,25.775701457781906
1232,59090.42544976651,373.812374356587,-2.632343598650948
1233,59089.0504155553,373.7465650352901,7.35291706869441
1234,59088.974024624746,373.74188001796585,14.379548634906087
1235,59089.12680646862,373.65181537474575,-0.48772458163341526
1236,59107.39787103999,373.5730221087693,17.95360105086945
1237,59112.33534061089,373.5482881769988,-13.556158840611147
1238,59091.68936675904,373.5233374089764,-27.146145910141854
1241,59112.93950201893,373.30943811515743,-48.5080081779289
1242,59089.08513870022,373.2717464386533,3.4263274552727694
1243,59089.07124944253,373.1775247091633,4.728636719238921
1244,59111.29368263789,372.809835632151,5.5970474134634856
1245,59112.23117484366,372.7035878330138,-3.260884719046544
1246,59087.98788501131,372.6938661966305,-17.516551930701382
1247,59112.64783789252,372.6532475750713,-42.541380957592594
1248,59106.96037215326,372.620733808029,26.181487559471577
1249,59107.49509297674,372.614325188697,8.609911803696605
1250,59111.23812752192,372.58721281010384,-0.25266032597539834
1251,59107.036760871,372.4725021152306,28.314946974876477
1252,59112.03673206494,372.43218401706935,15.107317092094547
1253,59090.43239437323,372.38321396036304,-3.32733896306587
1257,59088.02260832992,372.1750287198814,-14.343132424574605
1258,59111.95339943896,372.164644865405,20.921532096534463
1259,59107.50898182372,372.1451965310859,6.820111224498362
1260,59107.34231565069,371.9591841555312,20.30838126622433
1261,59089.03652629668,371.92139812869726,6.868684527636958
1263,59107.300649098586,371.8001192859538,22.660945310948478
1264,59089.04347092622,371.797148634645,6.077051491812767
1265,59107.21037155902,371.6967252052532,26.472677597571987
1266,59111.21729435274,371.6532985201631,-3.363509489540661
1267,59112.356173763765,371.63045306605534,-17.690981367003644
1269,59107.28676024696,371.569094180449,23.171952169044403
1271,59107.29370467254,371.490988977812,22.72894299541332
1273,59089.00874777712,371.4504967450832,9.000911220245598
1274,59090.41850515932,371.407197613672,-5.774021918737276
1275,59091.5157519518,371.18819887641104,-11.491897983254887
1277,59111.94645505343,371.12065016696016,20.314704637959323
1278,59111.39784847263,371.0772452799564,13.350508962630556
1279,59107.08537186825,370.9756180199518,27.40267377362875
1281,59088.98791388616,370.8461659315814,10.272726513062878
1283,59091.59908706578,370.7436611345691,-20.81582616593448
1284,59109.71036052317,370.7087802435993,14.794925403536638
1286,59089.0781940716,370.6087897065998,1.4641082335329543
1287,59109.69647171949,370.6018918062561,15.75333815656819
1288,59112.24506361288,370.5855468858879,-6.851131447093678
1289,59091.536585731454,370.5797170561642,-14.33669108208062
1291,59111.27284946964,370.3750732787431,1.087555817502107
1292,59112.38395130079,370.3317017638497,-21.912820768657923
1294,59091.66853298496,370.2824058142872,-28.35992118824248
1295,59091.62686543448,370.18100600878574,-24.26272695104751
1296,59107.51592624697,370.160744665294,4.165742833352795
1298,59091.61992084219,370.0083532782336,-23.71981656715957
1300,59107.13398286224,369.93050353719457,26.25336083771333
1302,59111.32146019493,369.87614170844745,5.349675952492248
1303,59107.18953827901,369.8683429438095,25.231563967885904
1304,59089.029581667135,369.6562913868903,5.264555611526816
1305,59112.23811922827,369.61265360717385,-7.086799154586572
1306,59112.00201013772,369.5890731767204,14.977581544783618
1307,59112.95339078722,369.4391426031023,-52.086542985997994
1309,59111.960343824496,369.3381075379376,17.646489843758843
1310,59107.53675951673,369.1756641801299,1.1354680032897022
1311,59111.988121366645,369.1446691539792,15.548918319002098
1312,59112.25200799748,369.1310466540915,-9.044839295642248
1313,59087.99482967577,369.1185918665473,-20.357484377069113
1314,59111.34229336225,369.07295430210087,6.492849623678012
1315,59107.32842680046,369.0702476306024,18.303080350726077
1316,59088.008719003774,369.0171190239389,-18.983581816550156
1317,59107.106205151984,368.9917173319185,25.458630825928594
1318,59089.01569240712,368.9854317849296,5.895492568934287
1319,59091.5713086957,368.7785871197956,-19.847677455241694
1321,59088.953190730994,368.7603028135409,11.150824326124734
1322,59088.00177433978,368.7426649469917,-19.996751171747746
1323,59111.96728821004,368.6232823627329,16.471982250962697
1324,59111.31451580567,368.467698084276,3.2789473716919133
1325,59090.45322819294,368.4525675225785,-5.0721270053912235
1326,59107.231204838565,368.3349586612957,22.40228210434276
1327,59091.54353032468,368.3290623691764,-17.331758668000816
1328,59112.258952382086,368.2309246882596,-10.685886898704211
1329,59106.98814986957,368.2211869414589,22.800428466333756
1330,59112.96033517135,368.21177585685257,-53.147354056306995
1331,59111.99506575218,368.0228622565095,13.924399938337785
1332,59109.70341612133,367.9886549818602,12.61238147547914
1334,59106.0645401275,367.95597316644256,-52.51661688584761
1335,59091.64075461813,367.9475136390355,-27.914813336303325
1336,59107.24509369113,367.93062308326535,21.45921365120614
1338,59091.5921424735,367.92042586374606,-22.90969687814453
1339,59088.01566366685,367.9194712569093,-19.340723121704002
1340,59111.38395969549,367.91511992092,9.024952266023035
1341,59088.9601353624,367.8856081247473,9.700634614782246
1342,59090.47406201219,367.88368670248593,-3.485557888344715
1343,59111.98117698111,367.8371789504992,14.73364221234442
1345,59091.6338100263,367.68220128132987,-27.473002083719848
1346,59109.6895273172,367.6596421977566,13.328758472669165
1347,59088.99485851663,367.6506854444356,6.459574581376785
1348,59091.52964113824,367.5181197498615,-16.65318593779739
1349,59089.057360184845,367.4712468152956,0.39812124286072503
1350,59111.93951066742,367.3871788403392,17.006906751805673
1351,59109.66869411123,367.3227522840513,14.482747826467914
1352,59107.09231629616,367.2874238149729,23.74185427671108
1353,59112.008954523255,367.1845127279117,12.049857193570347
1354,59107.22426041205,367.1779719876526,21.49485693097887
1356,59111.404792861416,367.0597600037139,9.901309598893192
1357,59109.661749708925,367.0045340142149,14.64018750966062
1358,59089.00180314711,366.96531856431614,5.1487511807558235
1359,59091.654643801776,366.9348179128848,-30.327707223157063
1360,59107.25898254322,366.7363240705646,19.67401779380822
1361,59088.05038697801,366.6957512129569,-16.844317025303553
1362,59107.09926072407,366.6891770147632,23.156894971903114
1363,59091.58519788074,366.6752529691249,-23.422703263637857
1364,59090.46017279966,366.4853121355907,-6.317176006147122
1366,59107.52287067023,366.42107383003497,-0.24991330216823826
1367,59107.27287139532,366.25171427462107,18.547191310668268
1368,59112.27284115083,366.2184835083092,-14.184274291433155
1369,59091.487973577976,366.2041557938063,-13.496963913485104
1370,59090.44628358668,366.1693262479537,-8.080954137297852
1371,59107.50203740046,366.1422140803763,1.4807372506004413
1372,59088.9670799938,366.0222480205066,7.252920621442286
1373,59112.022843294326,365.9169656533124,9.706329533663904
1374,59091.64769920995,365.8653989657033,-30.69945224551344
1375,59107.11314957943,365.8504079006768,22.302425261754422
1376,59090.48100661798,365.7126588810268,-4.946060494968378
1378,59112.12006468672,365.6063857419514,0.885549165852467
1379,59091.50880735857,365.5972588682666,-16.337264266773616
1380,59091.612976249904,365.4693621190337,-27.539407549250825
1381,59091.56436410295,365.43270740936055,-22.454557649635774
1382,59112.98116832424,365.42316740075086,-55.3543226633347
1383,59107.12009400688,365.3658549276142,21.788889806998156
1384,59091.55047491743,365.3361168044915,-21.06816162597471
1385,59107.078427440334,365.2818110169891,21.667414627679136
1386,59111.41173724975,365.138579294411,8.539189871811118
1387,59090.48795122424,364.70167287124224,-5.250924471549013
1390,59091.46019520323,364.5695462375033,-12.171360938197381
1391,59091.578253288455,364.5519684422978,-24.81128095695766
1392,59111.41868163855,364.4755769488649,8.425823970470617
1393,59088.03649765466,364.0730347480654,-20.957540434316456
1395,59111.42562602688,363.98764500438216,8.477907543842548
1396,59091.41852763785,363.9691057471463,-8.403604527837842
1398,59091.50186276535,363.7629218262334,-17.42640314209524
1399,59107.52981509348,363.7562354462348,-3.5965643095164523
1400,59111.30757141641,363.71503917120685,-2.1423531829868807
1401,59091.66158839314,363.7134194907239,-34.24168000711097
1402,59112.05062083554,363.51014629639377,5.034390061494435
1404,59112.12700907179,363.4083185342362,-1.9766993385687783
1405,59111.328404584194,363.3617401803254,-0.5090338526102869
1407,59107.48120412976,363.2793684786826,0.568510375798212
1408,59092.10604209431,363.2645108180538,-59.161062690319056
1409,59091.43241682663,363.2606291875553,-10.555740377723339
1410,59091.52269654501,362.9897239626932,-20.436055864656225
1411,59109.67563851306,362.98451131842097,9.658081572697256
1412,59091.49491817167,362.9843503146958,-17.460418178564282
1413,59088.02955299252,362.9436625311264,-22.83120371397814
1414,59113.008945861264,362.8654075511723,-56.94801341561049
1416,59088.04344231633,362.6675751611557,-21.617978663007364
1417,59091.44630601493,362.5945550253924,-12.678573890392556
1418,59089.02263703713,362.4042805746952,-1.3331191480776283
1419,59090.536563463866,362.3793809262918,-2.7746191137938467
1421,59111.363126529104,362.2280671170108,1.528743285904568
1422,59091.60603165808,362.1650438825248,-30.120745553060317
1424,59111.439514804006,362.0934027555414,7.6340656842875205
1425,59112.696448579634,362.0661682083286,-55.85298836128629
1426,59112.0297876794,361.9929733833106,5.2299049314984245
1430,59112.27978553544,361.8678967925107,-19.27935089315855
1432,59090.52267425321,361.6890756028268,-4.8077280284152835
1434,59088.05733163921,361.6085521298653,-21.185832637397425
1436,59111.3700709179,361.50843091906114,1.4204094823782043
1437,59091.55741951019,361.5016122779747,-25.644902534013056
1438,59090.51572964741,361.4812373758629,-5.695923327954233
1439,59109.606194489126,361.4351883703615,12.468928082764648
1442,59113.022834630014,361.2021356202204,-58.04997177086341
1444,59111.85617803632,361.046831160874,14.827044181200165
1447,59091.33519249871,360.4988739424501,-3.600802884311804
1449,59090.49489583003,360.0653782965343,-9.18575251530632
1450,59111.453403580665,359.9968136866782,6.547124831803387
1452,59109.59230568359,359.9461771659691,11.710807835811408
1453,59111.3770153067,359.89658837483205,0.411690804112709
1454,59111.43257041521,359.8846366421064,4.90510092976433
1455,59090.50878504162,359.8263838871629,-8.036780717859756
1456,59090.467117405926,359.8113860238929,-12.272533264097262
1457,59090.50184043629,359.80864524343303,-8.745925006673986
1458,59091.47408439061,359.7919669573463,-18.425640346904174
1459,59111.34923775105,359.786067927138,-2.1595201117575584
1461,59109.62702769696,359.673893609777,9.520518051436397
1462,59112.14089784147,359.6251932850502,-7.106807388878394
1463,59109.64091650202,359.5366502059367,8.532993999870428
1464,59109.65480530662,359.52886895948245,7.629243144227303
1465,59109.647860904326,359.4375037193927,7.991495343886527
1466,59111.39090408383,359.36303866155697,1.058994515715824
1468,59111.53673623737,358.8826757219051,10.558637052830818
1469,59112.11312030165,358.8367420731247,-5.226437007882964
1470,59111.33534897299,358.75505997915394,-4.466849804864864
1471,59109.63397209972,358.719488743544,8.146761439521072
1472,59091.32824790363,358.6558962036259,-4.792479202414427
1473,59091.43936142077,358.61249611015387,-15.930745286623505
1474,59092.14076502642,358.5996487758387,-63.54594924880922
1475,59111.51590307378,358.5543846020283,9.106569001958576
1476,59090.52961885853,358.5476614609979,-7.274674992497182
1477,59091.41158304324,358.41704938335704,-13.239389104016084
1478,59090.55045267452,358.3066326428106,-5.53003950122303
1479,59088.07122096024,358.2927787305251,-23.010710844010873
1480,59112.20339730478,358.27217218535924,-14.780069415174921
1481,59112.043676450005,358.0922059753331,0.19637516990837867
1482,59090.557397279845,358.06252562464647,-5.125625578674715
1483,59091.40463844908,357.9502030845368,-12.994010496341787
1484,59091.34213709426,357.91870597854484,-6.839018385945167
1485,59088.06427629996,357.9103555878271,-24.13841417918286
1486,59113.8700499584,357.8779333595093,10.737714238146623
1487,59090.54350806919,357.8602225507658,-6.631810570262871
1488,59109.61313889189,357.7379781335443,8.387979542557275
1489,59109.58536128083,357.7162523799129,9.827774647909962
1490,59112.1825641505,357.6762434189681,-13.228164394533053
1491,59112.01589890879,357.5905186546659,1.9227514869938886
1492,59112.1339534564,357.577217463004,-8.47826823786346
1493,59111.64784643716,357.56397942542395,13.280263377619065
1494,59112.05756522062,357.5416079824012,-1.5228280231228268
1495,59113.90477193079,357.3091189909666,11.564518358480655
1497,59090.56434188471,357.16680872732604,-5.379893264704435
1498,59092.14770961266,357.1141868750672,-64.93334819373263
1499,59111.65479082456,356.98307218673654,12.837404813926696
1500,59109.5645280716,356.93698064276487,10.01348897750006
1501,59111.84923365032,356.8908503217711,10.93504531891216
1502,59111.460347969,356.7818323323135,3.8212324695554116
1503,59091.467139796914,356.74099107266056,-20.7372825125355
1504,59091.42547223247,356.46110991557407,-16.63166313594934
1508,59091.48102898429,356.3471717360533,-22.611472506262544
1509,59111.57145817576,356.3441057745799,9.643859648496516
1510,59111.55062501264,356.338423480889,8.701890933909795
1511,59111.8908999668,356.33627692044496,8.60165093046237
1512,59091.37686006968,356.2308850032393,-11.90996151135397
1513,59088.07816562051,356.21874666399265,-24.34006369161807
1514,59111.35618213985,356.1878740692371,-5.130712384040464
1516,59091.369915475065,356.0551292778195,-11.397510431653814
1517,59091.36297087998,355.95146085696507,-10.818520413198883
1518,59109.620083294656,355.8855566863384,6.139805878579068
1523,59112.07145399122,355.0914460297635,-5.175768593867929
1524,59091.34908168935,354.9664906323844,-10.455792247592626
1525,59091.45325060908,354.90538349055527,-21.100387916483385
1526,59111.48118113352,354.8053821872275,3.2470242055219387
1527,59111.79367855997,354.7023870255588,10.375375352120386
1529,59091.30741411651,354.6428721255537,-6.89438915112072
1530,59088.939301468185,354.49789419053525,-1.9879898729454908
1532,59111.6061801137,354.46983649061394,9.069607217460486
1533,59112.19645292017,354.4177696809949,-17.914636937111652
1534,59111.73812346776,354.2614812003077,10.68121103062333
1535,59111.786734173504,354.25578407678466,10.070897674893729
1536,59111.7659010141,354.2097245540737,10.367883494647003
1537,59088.94624609959,354.1523252227737,-2.8907226728055093
1538,59111.82145610538,353.93100961389496,8.897999015269761
1539,59111.68256837276,353.898690009477,10.16607157387864
1540,59111.57840256363,353.8382284468953,7.424301291707934
1541,59111.77284540057,353.8336471165726,9.891389351939722
1542,59112.96727955549,353.7830757872468,-67.3957925805239
1544,59109.57841687759,353.69084208816366,6.136720043958576
1546,59111.70340153356,353.6312853834758,10.061387826374983
1547,59111.91867751034,353.6214617305882,4.447747385419973
1548,59111.90478873834,353.55286988369915,5.12338279846449
1549,59090.578231094434,353.53816056700595,-7.747771937101561
1551,59111.84228926432,353.4268650665759,7.721815869933721
1552,59111.54368062524,353.3963149375261,5.422282000845144
1553,59091.35602628489,353.39598527164384,-12.697129811721936
1554,59091.39074925938,353.3829362303832,-16.149983984065557
1555,59091.31435871207,353.350573654807,-8.816365071556334
1559,59111.67562398582,353.2610637422871,9.446133688732573
1560,59111.66867959889,353.24396500165545,9.33273249192132
1561,59111.77978978703,353.05916159843383,9.002541770739924
1562,59109.5436948619,353.03163370913506,6.957230306789143
1563,59090.57128648957,352.928364538063,-8.984189048865005
1564,59111.46729235732,352.76488849714275,0.2826533726465641
1565,59111.828400491846,352.7472496682042,7.5036800886711035
1566,59109.53675045867,352.705685351101,6.888073747181977
1567,59113.04366778336,352.69850983300387,-65.61475697471832
1568,59091.28658032893,352.66798543354963,-7.027097448285076
1571,59111.83534487785,352.4331225194934,6.965513410431413
1572,59109.59925008636,352.3930642694225,3.7983913089474868
1573,59111.81451171938,352.3131112498139,7.477103848621823
1574,59111.93256628188,352.299193744019,2.33294919837266
1575,59109.571472474825,352.2647133603907,5.032291625331766
1576,59111.56451378837,352.24651930666414,5.246993947298847
1577,59111.8839555808,352.1922267758016,4.786206042699291
1578,59111.86312242233,352.0091739226993,5.512273081653518
1580,59111.5575694005,351.9351933686794,4.623535367242539
1581,59111.92562189588,351.9297111809714,2.365700456578736
1583,59111.8770111948,351.8593035190019,4.769179849977377
1584,59111.44645919233,351.8301860239099,-2.119141386603985
1585,59109.55758366837,351.7647470170177,5.137304817933625
1586,59091.383804664765,351.65435209615697,-17.180003857738768
1588,59111.58534695103,351.6157738379059,5.4751030864503605
1589,59090.5851756993,351.5929595646916,-9.074103005250208
1590,59091.32130330808,351.592916835397,-11.21113582111957
1591,59111.74506785423,351.4576061380709,7.8330093674163095
1592,59112.189508535565,351.42988488890524,-20.18649189959956
1593,59111.66173521149,351.40200608364734,7.380514668827402
1594,59111.59923572583,351.34795604680977,5.7142247613023756
1597,59111.49506990972,351.12878046734465,0.44940325397300285
1598,59111.7520122407,351.03355470016675,7.350572510429458
1599,59111.80756733291,351.01005202063345,6.357421696427991
1601,59090.59212030416,350.9525847382224,-9.103580103904449
1602,59091.39769385447,350.90469436188266,-19.33159550771512
1603,59111.75895662763,350.71319723307806,6.957791654653761
1604,59112.106175916575,350.620374223884,-12.791906061255759
1605,59111.52979184951,350.49007947141536,1.8036547619268504
1606,59111.59229133843,350.32374174691995,4.443167251575062
1607,59111.64090205023,350.1020425926542,5.666454478433138
1608,59111.73117908083,350.0352605772775,6.485242359847746
1609,59090.61295411735,349.9698810807427,-8.30359132997313
1610,59092.112986681015,349.77058458111645,-72.62711411368946
1611,59091.27963573292,349.7339060572604,-9.363466498062337
1612,59111.48812552138,349.6198716803927,-1.4933038810740982
1613,59111.63395766282,349.580831572283,4.9796022245020595
1614,59109.55063926513,349.516859762403,3.172480686185736
1615,59111.87006680879,349.3503089728561,2.563261345137505
1616,59090.60600951295,349.34810999840766,-9.511046001745683
1617,59091.21713436506,349.3315898052522,-4.794948609947198
1618,59111.522847461645,349.30902654634554,0.24796492307791596
1619,59111.800622946444,349.2708867121123,4.787941832685135
1620,59111.61312450109,349.1733757193194,3.993223829087185
1621,59088.93235683631,349.0803849620473,-6.857801010350329
1623,59111.91173312434,348.96896503343663,0.1734702731661173
1624,59088.09205493966,348.7151626471549,-30.357156029724308
1625,59088.08511028032,348.63969433461625,-31.175303824165894
1626,59109.293696301786,348.3922520618478,2.866509478478349
1628,59109.52980605544,348.2040794024918,2.629984000367017
1630,59109.27980749067,347.9620123988568,1.94141726272494
1631,59091.30046952097,347.91031905924103,-13.004926122284814
1632,59109.25202986703,347.8689809117716,0.7010398799701534
1633,59091.237968154965,347.76359519131177,-7.933960487492982
1634,59091.23102355849,347.734516110368,-7.4293669054263205
1635,59111.50895868591,347.7272318335719,-2.119316668711349
1636,59112.98811270838,347.53904852209985,-73.01746815940777
1637,59111.69645714663,347.5190400802698,3.9089597766893007
1639,59088.119833573786,347.4297663200263,-28.688459064151232
1640,59111.689512759694,347.3520069610568,3.6876799060909207
1641,59111.710345920495,347.3471981356948,3.8034049680576913
1642,59088.14066754623,347.27598700508764,-26.651500001268687
1643,59109.245085461,347.245785596494,-0.24124290140986204
1644,59109.26591867908,346.94570272558144,0.3774473175246271
1646,59091.21018976811,346.8542697997072,-6.768967212669509
1647,59109.27286308464,346.84966279665053,0.561791335727662
1648,59106.05759568841,346.7280533560215,-73.97041483996975
1649,59091.182411379865,346.7270939682612,-4.989560668570846
1650,59090.59906490856,346.5383762653003,-12.915081305974297
1651,59091.29352492495,346.38314981791643,-13.917962762557579
1652,59088.92541220445,346.35776827278096,-9.042381026197233
1653,59109.28675189623,346.3005683782732,0.5340464450933382
1654,59091.24491275145,345.8822594311936,-10.358716180062572
1655,59091.25185734793,345.8561929521592,-10.937755754180444
1658,59091.20324517117,345.79142831895285,-7.338995498939141
1659,59111.717290307424,345.72434014261376,2.1925636836332387
1660,59090.62684332614,345.5441841622415,-11.5846086753387
1661,59109.48813963372,345.49967832043075,1.103357598787568
1662,59109.258974273056,345.47225971983863,-1.389387148152025
1664,59109.3075851129,345.236033003983,0.15162833897306882
1665,59091.22407896154,345.2212011463521,-9.418947065862255
1666,59091.2726911369,345.1562991902485,-13.351895909719588
1667,59088.10594425742,345.1193861433867,-32.472032299193586
1668,59111.724234693895,345.01830138133414,1.484449658773599
1669,59092.09909750761,344.99466006667814,-77.44470065901709
1671,59091.25880194441,344.6678679141562,-12.688409530749254
1672,59111.50201429759,344.6631175327027,-5.594000406123598
1674,59112.09923153151,344.3644135525662,-18.40395912247186
1675,59109.495084037415,344.30918352635337,-0.2493413318257467
1676,59109.32147392403,344.3012113020162,-0.3960005615343789
1677,59109.30064070735,344.25098091472444,-1.0473621723330098
1678,59112.147842226535,344.2432109235323,-23.171110193386426
1679,59088.133722889215,344.2407765540305,-30.414067611871417
1680,59091.14768839234,344.22633497911534,-5.359467032465659
1682,59111.62006888803,344.0894673948802,-0.8841103445964791
1683,59090.61989872175,343.975490771326,-13.721125234401654
1686,59111.89784435234,343.7165084009919,-4.35931364613549
1687,59091.15463299022,343.55816880877137,-6.430531249036278
1688,59091.18935597681,343.47586421492906,-8.701098112125067
1690,59090.64073253447,343.4400461915496,-12.581008051301922
1691,59112.06450960568,343.4343860571819,-16.227273834935602
1693,59090.63378793008,342.78745126455243,-13.78275450233724
1694,59091.14074379493,342.553340747229,-6.641493605483333
1696,59091.1199100013,342.45870712171325,-5.636181253808104
1697,59111.47423674519,342.31091608677184,-9.703849441619639
1698,59091.19630057422,342.2566799986636,-10.39159485967798
1699,59088.76568562532,342.2205933242782,-3.865422232304695
1700,59113.06450093718,342.076529118392,-75.18436238585372
1701,59109.42563999671,341.88523880039725,-1.6768105031832192
1702,59088.11288891584,341.85313135055765,-35.00059532093496
1703,59109.51591724804,341.7652347166314,-3.361998179075158
1704,59088.75874098925,341.6536510259168,-4.1749817789491885
1705,59112.08534276136,341.2924627935419,-20.209985577362716
1706,59109.31452951847,341.2910549904524,-3.5929487403408302
1707,59088.74485171666,341.22705162327713,-4.1267205078931966
1709,59091.265746540426,341.08009335870736,-16.847667569169346
1710,59109.32841832912,341.0772907267869,-3.446805064549096
1711,59088.12677823173,340.9693283772895,-34.41584887408999
1712,59088.16150151542,340.8968544260877,-30.869008797599918
1713,59109.52286165174,340.8921351857976,-4.451806572765918
1714,59088.14761220278,340.79240986759885,-32.41095571393157
1716,59091.17546678245,340.6435965289279,-10.623919615959721
1717,59091.0782424117,340.4939549741395,-5.740634551184257
1718,59109.48119522956,340.3674124037929,-3.880487418745872
1719,59109.508972844815,340.24868664724494,-4.675359582612032
1720,59088.15455685933,340.191494780523,-32.29124372290312
1721,59109.47425082586,340.1692022381707,-3.9441129553076735
1722,59091.13379919705,340.14231954971285,-8.673617130780428
1723,59088.098999598544,340.0808473541613,-38.25018983701449
1724,59091.16852218504,340.0714590636588,-10.758248249130531
1725,59091.02963022004,339.94613376073863,-4.716124807530832
1726,59091.16157758763,339.8064205559364,-10.59696396706147
1727,59090.6476771384,339.61880322435394,-15.862731270049835
1728,59109.34230713978,339.550080797429,-4.669052609489711
1729,59109.4673064217,339.48101444055953,-4.511600446291254
1731,59088.7517963532,339.2754431807596,-6.309079422812545
1732,59109.3561959495,339.2241915354376,-4.745360719123653
1733,59091.12685459917,339.0226590217933,-9.426585339216672
1734,59109.50202844112,339.00084247801846,-5.733611828948085
1735,59109.45341761383,338.9854484249814,-4.807586318819176
1736,59111.62701327543,338.9224749557327,-5.858105620293543
1738,59088.668460706016,338.8280136715477,-4.889353891213602
1739,59112.09228714644,338.7127973903804,-23.418888843819957
1740,59112.17561976589,338.6148758425941,-31.581878239826665
1743,59091.092131608384,338.2802918372206,-8.52300032555695
1745,59109.43258440088,337.6590763071104,-5.939636527620394
1746,59090.99490722366,337.65742076967814,-6.290685897439403
1747,59091.05046401693,337.5964091547682,-7.659027244404911
1748,59091.10602080508,337.4290615505519,-9.99462568015548
1750,59091.071297812894,337.0883498765636,-8.88152979097606
1751,59109.460362018,337.0325958396063,-6.853246189644665
1752,59088.77263026091,336.983202005098,-9.373376896479556
1753,59088.71012853263,336.88440621534346,-7.51872593990629
1754,59088.16844617151,336.7300322639924,-34.32296350127734
1755,59088.73096244361,336.7104834549342,-8.222191866969865
1756,59088.69623925771,336.697779658246,-7.421127285616478
1758,59109.335362734215,336.61093078738287,-7.753786545942148
1759,59092.13382044019,336.43807014973044,-85.79160324189559
1761,59090.96712882471,336.2552448068316,-7.37215352359658
1762,59088.175390826655,336.25222848575214,-34.09216237837296
1763,59090.6754555532,336.2316287670986,-17.19194541617543
1764,59091.00185182294,336.08714796305065,-7.976080198950513
1765,59091.09907620673,336.07594991418904,-11.031131907579208
1766,59090.65462174233,335.8774065889861,-19.074432607510914
1767,59109.43952880551,335.8723169679969,-7.777127536519629
1768,59091.06435321455,335.7535933790969,-9.964798400683037
1769,59091.00879642222,335.710501843997,-8.481750815374653
1770,59091.04351941812,335.5486524489384,-9.495481839517652
1771,59091.11296540295,335.2412523175001,-12.51174295849313
1772,59088.68929462026,335.1758532051303,-8.821741888144572
1773,59088.6754053444,335.1101994722619,-8.686590064652592
1775,59109.39091797404,334.90500476621395,-8.685031170773811
1776,59090.68240015666,334.82720392124816,-18.107828755620062
1777,59091.02268562077,334.78330390333934,-9.708517461410963
1778,59109.3631403546,334.7518543251368,-9.113789828920176
1780,59088.72401780708,334.55573775500125,-10.186741645025108
1781,59109.34925154487,334.3341129852718,-9.753283045282103
1783,59109.38397356941,334.24286055470805,-9.395019574176388
1784,59088.66151606762,334.1247115268366,-9.527260761857974
1788,59109.44647320968,333.76886426769977,-9.945361918320486
1789,59088.71707317009,333.6825796192958,-10.88336437159353
1790,59088.70318389564,333.578733285799,-10.675368785600426
1791,59091.036574819314,333.49096256587774,-11.35542223810171
1792,59088.68234998233,333.37116810604385,-10.519041729267826
1793,59091.085187010045,333.3012035302527,-13.211223235587397
1794,59088.64762678991,333.2996682672564,-10.263681988826704
1795,59090.97407342445,333.2834223275664,-10.40312414976006
1797,59088.77957489651,333.10856202216,-13.531664190587662
1798,59112.99505709252,332.9789940661141,-87.34313003478866
1801,59092.12687585395,332.48113747082704,-89.81859366815951
1803,59088.18928013696,332.4536884891957,-36.48729078281224
1804,59090.6615663458,332.38596136006583,-22.04619623124887
1805,59088.64068215106,332.34948197176874,-11.190673186062497
1806,59091.01574102149,332.3362915921613,-11.998842480309463
1808,59088.9184675721,332.2545905776062,-22.6173756127489
1809,59109.41175118792,332.2498501729839,-11.281123824368535
1810,59090.689344760125,332.11514127564305,-20.34208394411496
1811,59092.11993126725,331.9326597585707,-90.42308648663698
1812,59112.16173099622,331.86048501589613,-36.934916533942896
1814,59090.96018422497,331.56950275914846,-12.012806105242475
1815,59109.370084759685,331.55008644234124,-12.225622408805407
1817,59109.39786237867,331.4134685320047,-12.142794448847667
1818,59090.94629502455,331.36443577598084,-12.169929593111874
1821,59091.05740861574,331.17177734840686,-14.308438311706823
1823,59090.66851094973,330.7095271345513,-23.2131481026139
1824,59088.737907080606,330.5849521793286,-14.551511664906059
1825,59090.71017857006,330.55384659326006,-20.536047755859215
1828,59088.63373751174,330.3384947717522,-13.192555290074665
1829,59088.65457142877,330.3074332775868,-13.293193793935473
1832,59088.18233548228,329.946514667178,-39.693786816413024
1834,59090.98796262393,329.6653282087444,-14.181601080788596
1835,59090.6962893636,329.5995898563186,-22.390732625677288
1836,59090.95323962476,329.51534018567673,-14.035953997654588
1837,59112.15478661114,329.4800032213133,-38.62220005417538
1842,59090.93935042435,328.1466019045249,-15.38492656398364
1843,59112.078398376296,328.0917563625587,-32.78912746944155
1845,59090.731012378594,327.8490785048931,-21.975998763774328
1846,59112.16867538082,327.76379927385216,-41.72986898042649
1849,59088.62679287242,327.61990150953466,-15.916136712927312
1850,59090.93240582414,327.55503950522404,-15.987744989682142
1853,59109.37702916432,326.8952324934481,-16.804545979049692
1854,59088.19622479165,326.74520134056974,-41.50147258835443
1855,59088.2101141001,326.68713966139524,-40.18696443185581
1856,59088.21705875338,326.36292048827323,-39.83340943964896
1857,59088.22400340714,326.2753278183709,-39.249225157175886
1858,59090.76573539173,326.2657277365605,-21.690015684353966
1859,59106.13398451791,326.1355230796817,-91.357520306337
1860,59109.4048067833,326.0018068177721,-17.534766505650566
1861,59090.918516623264,325.832947068154,-17.774607148754058
1862,59088.230948059965,325.78826236223,-39.070750968012305
1864,59088.20316944587,325.40879305592165,-42.14884045459871
1866,59090.70323396659,325.2539396484188,-26.280551624833663
1868,59088.61984823263,325.1467355421617,-18.408382317527696
1869,59090.75879078966,325.0795173601327,-23.225579917535924
1870,59088.91152294024,325.0614228437637,-29.292402543805792
1871,59090.92546122394,324.97903679962457,-18.589092628061962
1872,59090.74490158413,324.9226489637453,-24.118190402099174
1875,59109.41869559209,324.4834148928509,-19.05605210866065
1876,59088.612903592846,324.3098063514814,-19.278475806995687
1877,59088.24483736562,324.15114981757665,-39.396444489120825
1878,59113.91171632564,324.04511655805874,-21.45988985824704
1880,59090.71712317306,323.8668646390331,-26.789825940924572
1881,59090.77962459633,323.7429382118375,-23.55175566977647
1883,59090.77267999426,323.4940371162554,-24.124865052247173
1884,59113.93254951159,323.2834385267682,-21.583426881217974
1885,59090.90462742239,323.0363194440848,-20.69226255819325
1886,59090.79351380093,322.95814212400285,-23.726492664026978
1887,59088.58512503136,322.6150565413556,-21.2464171705347
1889,59090.98101802418,322.59284337349783,-21.166888803906943
1890,59090.75184618712,322.1645577799348,-26.502281215321602
1891,59090.800458403,322.0529913824024,-24.3460105294169
1895,59090.862959816965,320.89003848952814,-23.53704597536165
1896,59088.60595895259,320.8664340851824,-22.769085190952694
1897,59088.78651953164,320.53793061468724,-26.398925536426248
1898,59090.73795698159,320.53131756111446,-28.895647185846883
1900,59090.890738221045,320.42895713470546,-23.476737816647642
1901,59090.911572023055,320.37825266361403,-23.282792111360152
1902,59088.57818039065,320.32798858021766,-23.636794628626774
1903,59088.56429110828,320.03574799416253,-24.177427345593173
1904,59090.72406777606,319.9174914978096,-30.317543174569835
1905,59090.807403004605,319.8874361579574,-26.239001581364562
1906,59090.81434760668,319.74757437711395,-26.11946521522958
1907,59113.05755655257,319.38028014861726,-98.24381671134995
1908,59090.82129220828,319.329830393262,-26.291069769762373
1910,59090.8699044181,318.76036228111474,-25.515586455824916
1913,59113.10616724528,318.32409780188885,-96.50532143476346
1914,59090.89768282171,317.9912867820861,-25.818854989885438
1915,59090.88379361991,317.8601866163994,-26.15502080011646
1916,59088.599014312334,317.77873702350604,-25.91807531435893
1917,59090.856015215824,317.602680227214,-26.989313008217152
1918,59088.2378927128,317.4949524487267,-46.70499618612757
1919,59090.83518141148,317.46642163815017,-27.702322674160257
1921,59090.84907061422,317.1253059539482,-27.64531020202884
1923,59088.28650527512,317.0692068959735,-42.71805080166263
1925,59113.89782753593,316.82742834569905,-29.17006814556254
1926,59088.2726159732,316.56283289273296,-44.44707083944678
1927,59090.82823680988,316.3577246266361,-29.03038272540772
1930,59088.55040182544,316.13172778177,-28.385233190914562
1931,59090.78656919886,316.12177017237065,-30.861464151209304
1932,59090.87684901924,316.0600811893365,-28.078558846757176
1933,59088.25872666988,315.83711405802484,-46.42683242746597
1935,59090.842126013085,315.7280599711693,-29.234829428121543
1936,59088.57123574946,315.7136412080412,-28.368389839222175
1937,59088.53651254121,315.42616048106777,-29.449545647736727
1939,59088.52262325652,315.08449607926184,-30.20440218766703
1940,59088.48095539731,314.80260320144885,-32.04626660629697
1941,59088.54345718333,314.77800499708985,-29.91148881747239
1942,59088.48790004082,314.7769032180209,-31.77911798835504
1943,59088.494844684334,314.69759335239564,-31.57859200746526
1944,59088.31428387571,314.6939374318311,-42.7491579442667
1945,59088.46706610889,314.6579453517326,-32.81523695584133
1947,59088.592069672086,314.5777237049564,-29.19441574499433
1948,59088.25178201798,314.120048399491,-48.78213501116687
1950,59088.5295678991,313.5094988332104,-31.566032567562843
1952,59088.29344992562,313.0900185223038,-46.098237604908434
1953,59088.51567861394,313.00425236071425,-32.51147813987211
1954,59092.09215292091,312.8168049238565,-109.62225049834575
1956,59113.92560511627,312.6306888145037,-32.435371591247986
1957,59088.557346467096,312.6130434755753,-31.74512576607532
1959,59113.91866072095,311.51002705558324,-33.76877234758285
1961,59088.30733922615,311.0254161780417,-46.990549398850476
1962,59088.50873397089,310.9356587899497,-34.82028830382069
1964,59088.32122852528,310.5213495541175,-46.357999531432085
1965,59088.47401075333,310.4740302222718,-36.680596357417016
1966,59088.265671321766,310.2233433179932,-51.409768150755895
1967,59088.46012146444,309.87070483840336,-37.93371834663759
1968,59088.32817317484,309.8472385275344,-46.47768955065396
1969,59088.27956062416,309.5559030642576,-50.83864282300959
1970,59088.43234288434,309.09168704884826,-40.16211780739275
1973,59088.50178932784,308.20565410295706,-37.803808122925375
1974,59088.30039457612,307.9415624844132,-50.656192613772646
1975,59088.44623217463,307.6843646316351,-40.82011803551359
1977,59088.335117823946,307.58452843332395,-48.1955019932322
1978,59088.4253982385,307.40080945474057,-42.24579820834248
1979,59088.35595176939,307.18242157665526,-47.021984902004704
1981,59088.390675006965,306.965803670593,-44.82049630176357
1982,59088.34206247258,306.6674744735869,-48.577376295241606
1983,59088.43928752971,306.45891620716395,-42.41413498362658
1984,59088.41845359266,306.44926011035665,-43.60205916585642
1985,59088.349007121215,306.28091357653165,-48.438666655877626
1986,59113.890883141554,306.05604211649626,-40.20756152788715
1987,59088.45317681953,305.49271187894203,-42.655519036190185
1988,59088.41150894682,305.15774199031523,-45.310053142351194
1989,59088.9045783079,304.600621307176,-49.245290589188016
1990,59088.3837303602,304.24383952637913,-48.0044644739026
1994,59088.39761965374,303.91720240410933,-47.41823805022176
1995,59088.36289641755,303.6975632176404,-50.00195027575717
1996,59088.79346416723,303.02042447731,-44.225938322276136
1999,59088.40456430051,302.37633330940133,-48.5195531866172
2000,59088.36984106526,301.8998747036616,-51.30520695241353
2006,59088.37678571296,297.1073015636915,-55.6139859803456
2008,59088.8004088019,295.2458013109816,-52.32283422946858
2016,59088.8976336751,279.99759060854103,-73.3508165393867
2020,59092.07826374751,274.73746466934244,-147.65870805327813
2026,59092.08520833421,272.607876903706,-149.81678080317636
2031,59088.80735343703,266.9378312734249,-80.96572804705272
2043,59088.890689042295,251.9316280405298,-100.92986084291255
